symbol,pattern,dir,entry_time,entry_price,exit_time,exit_price,lot,pnl_pt,pnl_money,reason,duration_d
EURUSD,5,BUY,2010.01.11 00:00,1.44143,2010.01.11 00:31,1.44293,0.37,150.0,38.46,tp 1.44293,0.0
EURUSD,4,BUY,2010.01.12 00:00,1.45145,2010.01.12 16:33,1.45296,0.31,151.0,32.22,tp 1.45295,0.7
EURUSD,2,SELL,2010.01.29 00:00,1.39616,2010.01.29 01:22,1.39492,0.25,124.0,22.22,tp 1.39496,0.1
EURUSD,3,SELL,2010.02.04 00:00,1.38894,2010.02.04 02:02,1.38774,1.17,120.0,101.17,tp 1.38774,0.1
EURUSD,3,SELL,2010.02.12 00:00,1.36885,2010.02.12 01:18,1.36763,0.46,122.0,41.03,tp 1.36765,0.1
EURUSD,3,SELL,2010.02.18 00:00,1.35992,2010.02.18 01:27,1.35870,0.36,122.0,32.33,tp 1.35872,0.1
EURUSD,3,SELL,2010.02.24 00:00,1.35141,2010.02.25 02:15,1.35020,0.29,121.0,25.35,tp 1.35021,1.1
EURUSD,3,SELL,2010.03.02 00:00,1.35671,2010.03.02 01:20,1.35548,0.31,123.0,28.13,tp 1.35551,0.1
EURUSD,3,SELL,2010.03.05 00:00,1.35793,2010.03.05 14:30,1.35673,0.32,120.0,28.30,tp 1.35673,0.6
EURUSD,0,SELL,2010.03.05 00:00,1.35793,2010.03.05 14:30,1.35639,0.32,154.0,36.33,tp 1.35643,0.6
EURUSD,0,SELL,2010.03.10 00:00,1.36013,2010.03.10 07:57,1.35857,0.32,156.0,36.74,tp 1.35863,0.3
EURUSD,3,SELL,2010.03.16 00:00,1.36731,2010.03.16 01:34,1.36610,0.37,121.0,32.77,tp 1.36611,0.1
EURUSD,3,SELL,2010.03.19 00:00,1.36075,2010.03.19 09:47,1.35955,0.32,120.0,28.24,tp 1.35955,0.4
EURUSD,0,SELL,2010.03.19 00:00,1.36075,2010.03.19 09:48,1.35923,0.32,152.0,35.78,tp 1.35925,0.4
EURUSD,3,SELL,2010.04.05 00:00,1.34900,2010.04.05 08:32,1.34780,0.26,120.0,23.15,tp 1.34780,0.4
EURUSD,0,SELL,2010.04.05 00:00,1.34900,2010.04.05 08:34,1.34742,0.26,158.0,30.49,tp 1.34750,0.4
EURUSD,3,SELL,2010.04.16 00:00,1.35789,2010.04.16 01:58,1.35664,0.30,125.0,27.64,tp 1.35669,0.1
EURUSD,0,SELL,2010.04.21 00:00,1.34409,2010.04.21 01:05,1.34259,0.24,150.0,26.81,tp 1.34259,0.0
EURUSD,3,SELL,2010.04.28 00:00,1.31644,2010.04.28 10:46,1.31523,0.17,121.0,15.64,tp 1.31524,0.4
EURUSD,3,SELL,2010.05.04 00:00,1.31884,2010.05.04 07:40,1.31762,0.17,122.0,15.74,tp 1.31764,0.3
EURUSD,3,SELL,2010.05.12 00:00,1.26329,2010.05.12 00:32,1.26209,0.11,120.0,10.46,tp 1.26209,0.0
EURUSD,3,SELL,2010.05.25 00:00,1.23491,2010.05.25 00:13,1.23370,0.09,121.0,8.83,tp 1.23371,0.0
EURUSD,3,SELL,2010.05.31 00:00,1.22807,2010.05.31 00:56,1.22682,0.08,125.0,8.15,tp 1.22687,0.0
EURUSD,3,SELL,2010.06.02 00:00,1.22113,2010.06.02 06:05,1.21993,0.08,120.0,7.87,tp 1.21993,0.3
EURUSD,3,SELL,2010.06.22 00:00,1.23239,2010.06.22 02:27,1.23118,0.09,121.0,8.85,tp 1.23119,0.1
EURUSD,3,SELL,2010.06.29 00:00,1.22805,2010.06.29 04:40,1.22684,0.09,121.0,8.88,tp 1.22685,0.2
EURUSD,0,SELL,2010.06.30 00:00,1.21898,2010.06.30 02:25,1.21747,0.09,151.0,11.16,tp 1.21748,0.1
EURUSD,3,SELL,2010.07.12 00:00,1.26413,2010.07.12 02:39,1.26292,0.12,121.0,11.50,tp 1.26293,0.1
EURUSD,3,SELL,2010.07.21 00:01,1.28910,2010.07.21 05:37,1.28789,0.17,121.0,15.97,tp 1.28790,0.2
EURUSD,3,SELL,2010.08.06 00:00,1.31844,2010.08.06 11:33,1.31723,0.27,121.0,24.80,tp 1.31724,0.5
EURUSD,3,SELL,2010.08.11 00:00,1.31745,2010.08.11 01:39,1.31622,0.28,123.0,26.17,tp 1.31625,0.1
EURUSD,0,SELL,2010.08.12 00:00,1.28442,2010.08.12 11:53,1.28292,0.18,150.0,21.05,tp 1.28292,0.5
EURUSD,3,SELL,2010.08.20 00:00,1.28171,2010.08.20 00:54,1.28051,0.18,120.0,16.87,tp 1.28051,0.0
EURUSD,3,SELL,2010.08.31 00:00,1.26630,2010.08.31 02:06,1.26508,0.16,122.0,15.43,tp 1.26510,0.1
EURUSD,3,SELL,2010.09.08 00:00,1.26831,2010.09.08 10:15,1.26711,0.16,120.0,15.15,tp 1.26711,0.4
EURUSD,0,SELL,2010.09.08 00:00,1.26831,2010.09.08 10:16,1.26679,0.16,152.0,19.20,tp 1.26681,0.4
EURUSD,5,BUY,2010.10.21 00:00,1.39585,2010.10.21 01:52,1.39740,0.36,155.0,39.93,tp 1.39735,0.1
EURUSD,5,BUY,2010.10.25 00:00,1.39534,2010.10.25 02:09,1.39686,0.40,152.0,43.53,tp 1.39684,0.1
EURUSD,4,BUY,2010.10.29 00:00,1.39302,2010.10.29 01:53,1.39455,0.41,153.0,44.98,tp 1.39452,0.1
EURUSD,5,BUY,2010.10.29 00:00,1.39302,2010.10.29 01:53,1.39455,0.41,153.0,44.98,tp 1.39452,0.1
EURUSD,4,BUY,2010.11.03 00:00,1.40325,2010.11.03 11:01,1.40475,0.33,150.0,35.24,tp 1.40475,0.5
EURUSD,5,BUY,2010.11.03 00:00,1.40325,2010.11.03 11:01,1.40475,0.33,150.0,35.24,tp 1.40475,0.5
EURUSD,5,BUY,2010.11.22 00:00,1.37371,2010.11.22 01:12,1.37521,0.59,150.0,64.35,tp 1.37521,0.1
EURUSD,2,SELL,2010.12.07 00:00,1.33088,2010.12.07 00:19,1.32967,2.63,121.0,239.33,tp 1.32968,0.0
EURUSD,3,SELL,2010.12.08 00:00,1.32652,2010.12.08 00:49,1.32531,2.39,121.0,218.21,tp 1.32532,0.0
EURUSD,4,BUY,2010.12.14 00:00,1.33872,2010.12.14 07:35,1.34024,2.74,152.0,310.75,tp 1.34022,0.3
EURUSD,0,SELL,2010.12.16 00:00,1.32217,2010.12.16 16:10,1.32065,2.19,152.0,252.06,tp 1.32067,0.7
EURUSD,3,SELL,2010.12.29 00:00,1.31077,2010.12.29 00:48,1.30956,1.21,121.0,111.80,tp 1.30957,0.0
EURUSD,2,SELL,2011.01.06 00:00,1.31495,2011.01.06 03:38,1.31375,0.57,120.0,52.06,tp 1.31375,0.2
EURUSD,0,SELL,2011.01.06 00:00,1.31495,2011.01.06 03:55,1.31345,2.08,150.0,237.54,tp 1.31345,0.2
EURUSD,4,BUY,2011.01.14 00:00,1.33491,2011.01.14 07:54,1.33641,1.42,150.0,159.38,tp 1.33641,0.3
EURUSD,1,BUY,2011.01.24 00:00,1.36113,2011.01.24 15:46,1.36265,0.48,152.0,53.54,tp 1.36263,0.7
EURUSD,1,BUY,2011.02.17 00:00,1.35610,2011.02.17 00:49,1.35762,0.53,152.0,59.34,tp 1.35760,0.0
EURUSD,5,BUY,2011.02.18 00:00,1.36068,2011.02.18 00:34,1.36219,0.48,151.0,53.21,tp 1.36218,0.0
EURUSD,4,BUY,2011.02.21 00:00,1.36901,2011.02.21 00:25,1.37052,0.41,151.0,45.17,tp 1.37051,0.0
EURUSD,5,BUY,2011.02.10 00:00,1.37252,2011.02.23 12:40,1.37402,0.38,150.0,39.32,tp 1.37402,13.5
EURUSD,5,BUY,2011.03.14 00:00,1.39524,2011.03.14 11:34,1.39676,0.28,152.0,30.47,tp 1.39674,0.5
EURUSD,5,BUY,2011.03.18 00:00,1.40172,2011.03.18 00:59,1.40325,0.26,153.0,28.35,tp 1.40322,0.0
EURUSD,5,BUY,2011.04.01 00:00,1.41756,2011.04.01 17:44,1.41908,0.23,152.0,24.64,tp 1.41906,0.7
EURUSD,4,BUY,2011.04.20 00:00,1.43339,2011.04.20 01:39,1.43491,0.20,152.0,21.19,tp 1.43489,0.1
EURUSD,5,BUY,2011.04.21 00:00,1.45229,2011.04.21 02:34,1.45380,0.18,151.0,18.70,tp 1.45379,0.1
EURUSD,5,BUY,2011.05.20 00:00,1.43098,2011.05.20 01:07,1.43248,0.25,150.0,26.18,tp 1.43248,0.0
EURUSD,1,BUY,2011.05.25 00:00,1.41037,2011.05.26 02:37,1.41190,0.33,153.0,35.27,tp 1.41187,1.1
EURUSD,1,BUY,2011.05.27 00:00,1.41363,2011.05.27 02:42,1.41514,0.32,151.0,34.15,tp 1.41513,0.1
EURUSD,5,BUY,2011.05.30 00:00,1.43142,2011.05.31 01:01,1.43293,0.26,151.0,27.27,tp 1.43292,1.0
EURUSD,4,BUY,2011.06.01 00:00,1.43965,2011.06.01 00:23,1.44117,0.24,152.0,25.31,tp 1.44115,0.0
EURUSD,1,BUY,2011.06.20 00:00,1.42764,2011.06.20 01:02,1.42917,0.33,153.0,35.33,tp 1.42914,0.0
EURUSD,4,BUY,2011.06.22 00:00,1.43998,2011.06.22 08:25,1.44148,0.28,150.0,29.14,tp 1.44148,0.4
EURUSD,5,BUY,2011.06.22 00:00,1.43998,2011.06.22 08:25,1.44148,0.28,150.0,29.14,tp 1.44148,0.4
EURUSD,1,BUY,2011.06.28 00:00,1.42891,2011.06.28 00:40,1.43043,0.35,152.0,37.19,tp 1.43041,0.0
EURUSD,5,BUY,2011.06.28 00:00,1.42891,2011.06.28 00:40,1.43043,0.35,152.0,37.19,tp 1.43041,0.0
EURUSD,4,BUY,2011.06.30 00:00,1.44357,2011.06.30 01:05,1.44752,0.29,395.0,79.14,tp 1.44507,0.0
EURUSD,5,BUY,2011.07.21 00:00,1.42226,2011.07.21 00:28,1.42382,0.46,156.0,50.40,tp 1.42376,0.0
EURUSD,1,BUY,2011.07.08 00:00,1.43594,2011.07.21 16:20,1.43744,0.35,150.0,34.28,tp 1.43744,13.7
EURUSD,1,BUY,2011.07.22 00:00,1.44217,2011.07.22 09:30,1.44369,0.34,152.0,35.80,tp 1.44367,0.4
EURUSD,4,BUY,2011.07.22 00:00,1.44217,2011.07.22 09:30,1.44369,0.34,152.0,35.80,tp 1.44367,0.4
EURUSD,1,BUY,2011.08.01 00:00,1.43634,2011.08.01 02:22,1.43785,0.40,151.0,42.01,tp 1.43784,0.1
EURUSD,4,BUY,2011.08.04 00:00,1.43655,2011.08.08 09:03,1.43809,0.40,154.0,42.43,tp 1.43805,4.4
EURUSD,5,BUY,2011.08.04 00:00,1.43655,2011.08.08 09:03,1.43809,0.40,154.0,42.43,tp 1.43805,4.4
EURUSD,4,BUY,2011.08.08 00:00,1.43735,2011.08.08 09:03,1.43889,0.40,154.0,42.81,tp 1.43885,0.4
EURUSD,5,BUY,2011.08.15 00:00,1.42675,2011.08.15 01:24,1.42827,0.48,152.0,51.08,tp 1.42825,0.1
EURUSD,1,BUY,2011.08.10 00:00,1.43932,2011.08.15 15:30,1.44082,0.40,150.0,40.65,tp 1.44082,5.6
EURUSD,4,BUY,2011.08.10 00:00,1.43932,2011.08.15 15:30,1.44082,0.40,150.0,40.65,tp 1.44082,5.6
EURUSD,5,BUY,2011.08.10 00:00,1.43932,2011.08.15 15:30,1.44082,0.40,150.0,40.65,tp 1.44082,5.6
EURUSD,1,BUY,2011.08.16 00:00,1.44508,2011.08.16 18:11,1.44658,0.38,150.0,39.40,tp 1.44658,0.8
EURUSD,4,BUY,2011.08.16 00:00,1.44508,2011.08.16 18:11,1.44658,0.38,150.0,39.40,tp 1.44658,0.8
EURUSD,1,BUY,2011.08.22 00:00,1.43770,2011.08.22 09:40,1.43921,0.46,151.0,48.26,tp 1.43920,0.4
EURUSD,5,BUY,2011.08.29 00:00,1.44947,2011.08.29 07:12,1.45101,0.39,154.0,41.39,tp 1.45097,0.3
EURUSD,2,SELL,2011.09.09 00:00,1.39015,2011.09.09 00:23,1.38894,0.61,121.0,53.14,tp 1.38895,0.0
EURUSD,3,SELL,2011.09.20 00:00,1.36745,2011.09.20 00:21,1.36625,0.86,120.0,75.54,tp 1.36625,0.0
EURUSD,3,SELL,2011.09.29 00:00,1.35247,2011.09.30 08:46,1.35126,0.55,121.0,48.85,tp 1.35127,1.4
EURUSD,3,SELL,2011.10.03 00:00,1.33447,2011.10.03 04:04,1.33327,0.38,120.0,34.20,tp 1.33327,0.2
EURUSD,3,SELL,2011.10.18 00:00,1.37349,2011.10.18 09:09,1.37229,1.15,120.0,100.56,tp 1.37229,0.4
EURUSD,1,BUY,2011.10.28 00:00,1.41867,2011.10.31 17:56,1.39346,0.94,-2521.0,-1701.09,sl 1.39348,3.7
EURUSD,2,SELL,2011.11.01 00:00,1.38592,2011.11.01 00:47,1.38467,1.29,125.0,116.45,tp 1.38472,0.0
EURUSD,0,SELL,2011.11.02 00:00,1.36963,2011.11.02 00:54,1.36813,0.91,150.0,99.77,tp 1.36813,0.0
EURUSD,0,SELL,2011.11.07 00:00,1.38160,2011.11.07 00:31,1.38010,1.88,150.0,204.33,tp 1.38010,0.0
EURUSD,3,SELL,2011.11.08 00:00,1.37647,2011.11.08 01:35,1.37526,1.33,121.0,117.02,tp 1.37527,0.1
EURUSD,3,SELL,2011.11.10 00:00,1.35238,2011.11.10 07:59,1.35117,0.54,121.0,48.36,tp 1.35118,0.3
EURUSD,3,SELL,2011.11.15 00:00,1.36210,2011.11.15 05:21,1.36089,0.70,121.0,62.24,tp 1.36090,0.2
EURUSD,3,SELL,2011.11.24 00:00,1.33459,2011.11.24 14:48,1.33339,0.37,120.0,33.30,tp 1.33339,0.6
EURUSD,3,SELL,2011.12.05 00:00,1.34094,2011.12.05 19:53,1.33973,0.41,121.0,37.03,tp 1.33974,0.8
EURUSD,3,SELL,2011.12.09 00:00,1.33430,2011.12.09 04:06,1.33309,0.36,121.0,32.68,tp 1.33310,0.2
EURUSD,3,SELL,2011.12.26 08:00,1.30487,2011.12.28 15:24,1.30367,0.23,120.0,20.81,tp 1.30367,2.3
EURUSD,3,SELL,2011.12.20 00:00,1.29951,2011.12.28 15:45,1.29831,0.23,120.0,19.83,tp 1.29831,8.7
EURUSD,3,SELL,2011.12.29 00:00,1.29362,2011.12.29 01:08,1.29241,0.21,121.0,19.66,tp 1.29242,0.0
EURUSD,3,SELL,2012.01.05 00:00,1.29359,2012.01.05 02:20,1.29239,0.21,120.0,19.50,tp 1.29239,0.1
EURUSD,3,SELL,2012.01.12 00:00,1.27080,2012.01.13 15:12,1.26960,0.17,120.0,15.94,tp 1.26960,1.6
EURUSD,3,SELL,2012.01.31 00:00,1.31404,2012.01.31 16:04,1.31283,0.27,121.0,24.89,tp 1.31284,0.7
EURUSD,3,SELL,2012.02.07 00:00,1.31229,2012.02.07 03:42,1.31109,0.27,120.0,24.71,tp 1.31109,0.2
EURUSD,3,SELL,2012.02.13 00:00,1.32380,2012.02.13 00:44,1.32260,0.32,120.0,29.03,tp 1.32260,0.0
EURUSD,0,SELL,2012.02.16 00:00,1.30592,2012.02.16 01:28,1.30441,0.25,151.0,28.94,tp 1.30442,0.1
EURUSD,3,SELL,2012.03.01 00:00,1.33227,2012.03.01 08:30,1.33106,0.39,121.0,35.45,tp 1.33107,0.4
EURUSD,0,SELL,2012.03.05 00:00,1.31953,2012.03.05 08:19,1.31800,0.32,153.0,37.15,tp 1.31803,0.3
EURUSD,3,SELL,2012.03.12 00:00,1.31160,2012.03.12 01:42,1.31039,0.29,121.0,26.78,tp 1.31040,0.1
EURUSD,0,SELL,2012.03.12 00:00,1.31160,2012.03.12 02:07,1.31009,0.29,151.0,33.43,tp 1.31010,0.1
EURUSD,0,SELL,2012.03.21 00:00,1.32289,2012.03.21 13:27,1.32138,0.36,151.0,41.14,tp 1.32139,0.6
EURUSD,3,SELL,2012.03.22 00:00,1.32120,2012.03.22 09:11,1.32000,0.35,120.0,31.82,tp 1.32000,0.4
EURUSD,3,SELL,2012.03.30 00:00,1.32988,2012.04.02 15:09,1.32865,0.43,123.0,39.49,tp 1.32868,3.6
EURUSD,3,SELL,2012.04.03 00:00,1.33166,2012.04.03 13:53,1.33045,0.46,121.0,41.84,tp 1.33046,0.6
EURUSD,0,SELL,2012.04.05 00:00,1.31396,2012.04.05 10:40,1.31246,0.33,150.0,37.72,tp 1.31246,0.4
EURUSD,3,SELL,2012.04.11 00:00,1.30815,2012.04.11 02:23,1.30693,0.32,122.0,29.87,tp 1.30695,0.1
EURUSD,3,SELL,2012.04.16 00:00,1.30690,2012.04.16 01:54,1.30570,0.32,120.0,29.41,tp 1.30570,0.1
EURUSD,3,SELL,2012.04.18 00:00,1.31271,2012.04.18 04:28,1.31151,0.36,120.0,32.94,tp 1.31151,0.2
EURUSD,3,SELL,2012.04.24 00:00,1.31553,2012.05.02 11:24,1.31431,0.39,122.0,33.85,tp 1.31433,8.5
EURUSD,0,SELL,2012.04.24 00:00,1.31553,2012.05.02 11:25,1.31403,0.39,150.0,42.17,tp 1.31403,8.5
EURUSD,3,SELL,2012.05.03 00:00,1.31539,2012.05.03 03:25,1.31419,0.43,120.0,39.26,tp 1.31419,0.1
EURUSD,0,SELL,2012.05.03 00:00,1.31539,2012.05.03 04:08,1.31389,0.43,150.0,49.09,tp 1.31389,0.2
EURUSD,3,SELL,2012.05.23 00:00,1.26799,2012.05.23 01:15,1.26678,0.24,121.0,22.92,tp 1.26679,0.1
EURUSD,3,SELL,2012.01.16 00:00,1.26383,2012.05.23 10:26,1.26260,0.16,123.0,0.07,tp 1.26263,128.4
EURUSD,3,SELL,2012.06.11 00:00,1.26478,2012.06.11 02:01,1.26356,0.26,122.0,25.10,tp 1.26358,0.1
EURUSD,3,SELL,2012.06.19 00:00,1.25766,2012.06.21 18:27,1.25646,0.25,120.0,23.09,tp 1.25646,2.8
EURUSD,3,SELL,2012.06.22 00:00,1.25475,2012.06.22 08:38,1.25355,0.24,120.0,22.97,tp 1.25355,0.4
EURUSD,0,SELL,2012.06.26 00:00,1.25003,2012.06.26 10:51,1.24852,0.23,151.0,27.82,tp 1.24853,0.5
EURUSD,3,SELL,2012.07.05 00:00,1.25262,2012.07.05 01:51,1.25142,0.26,120.0,24.93,tp 1.25142,0.1
EURUSD,0,SELL,2012.07.05 00:00,1.25262,2012.07.05 10:50,1.25112,0.26,150.0,31.17,tp 1.25112,0.5
EURUSD,3,SELL,2012.07.20 00:00,1.22741,2012.07.20 02:08,1.22620,0.21,121.0,20.72,tp 1.22621,0.1
EURUSD,0,SELL,2012.07.31 00:00,1.22548,2012.08.01 20:19,1.22397,0.22,151.0,26.96,tp 1.22398,1.8
EURUSD,3,SELL,2012.08.02 00:00,1.22286,2012.08.02 14:53,1.22163,0.21,123.0,21.14,tp 1.22166,0.6
EURUSD,0,SELL,2012.08.02 00:00,1.22286,2012.08.02 14:54,1.22135,0.21,151.0,25.96,tp 1.22136,0.6
EURUSD,3,SELL,2012.08.09 00:00,1.23646,2012.08.09 10:00,1.23525,0.26,121.0,25.47,tp 1.23526,0.4
EURUSD,3,SELL,2012.08.16 00:00,1.22861,2012.08.16 08:08,1.22740,0.25,121.0,24.65,tp 1.22741,0.3
EURUSD,3,SELL,2012.08.27 00:00,1.25118,2012.08.27 03:19,1.24997,0.38,121.0,36.78,tp 1.24998,0.1
EURUSD,3,SELL,2012.08.31 00:00,1.25057,2012.09.14 03:40,1.30040,0.40,-4983.0,-1537.16,sl 1.30038,14.2
EURUSD,3,SELL,2012.10.01 00:00,1.28488,2012.10.01 00:55,1.28368,1.55,120.0,144.90,tp 1.28368,0.0
EURUSD,0,SELL,2012.10.10 00:00,1.28835,2012.10.10 01:12,1.28684,2.50,151.0,293.35,tp 1.28685,0.1
EURUSD,4,BUY,2012.10.17 00:00,1.30989,2012.10.17 01:28,1.31139,1.41,150.0,161.28,tp 1.31139,0.1
EURUSD,3,SELL,2012.11.05 00:00,1.28198,2012.11.05 08:51,1.28078,2.55,120.0,238.92,tp 1.28078,0.4
EURUSD,5,BUY,2012.12.12 00:00,1.30093,2012.12.12 10:31,1.30244,1.33,151.0,154.20,tp 1.30243,0.4
EURUSD,4,BUY,2013.01.11 00:00,1.32681,2013.01.11 10:41,1.32831,0.55,150.0,62.11,tp 1.32831,0.4
EURUSD,5,BUY,2013.01.11 00:00,1.32681,2013.01.11 10:41,1.32831,0.55,150.0,62.11,tp 1.32831,0.4
EURUSD,5,BUY,2013.01.25 00:00,1.33802,2013.01.25 08:06,1.33955,0.45,153.0,51.40,tp 1.33952,0.3
EURUSD,4,BUY,2013.02.13 00:00,1.34529,2013.02.13 08:46,1.34683,0.41,154.0,46.88,tp 1.34679,0.4
EURUSD,5,BUY,2013.03.08 00:00,1.31050,2013.03.08 11:47,1.31201,1.10,151.0,126.60,tp 1.31200,0.5
EURUSD,5,BUY,2013.03.25 00:00,1.29729,2013.03.25 00:39,1.29887,2.47,158.0,300.46,tp 1.29879,0.0
EURUSD,2,SELL,2013.03.20 00:00,1.28578,2013.03.25 18:14,1.28455,0.71,123.0,65.23,tp 1.28458,5.8
EURUSD,2,SELL,2013.03.26 00:00,1.28596,2013.03.26 09:08,1.28474,0.71,122.0,67.42,tp 1.28476,0.4
EURUSD,1,BUY,2013.04.17 00:00,1.31794,2013.04.17 10:52,1.31945,0.74,151.0,84.69,tp 1.31944,0.5
EURUSD,5,BUY,2013.04.30 00:00,1.30933,2013.04.30 07:21,1.31084,1.04,151.0,119.80,tp 1.31083,0.3
EURUSD,1,BUY,2013.05.01 00:00,1.31671,2013.05.01 10:10,1.31823,0.78,152.0,89.94,tp 1.31821,0.4
EURUSD,5,BUY,2013.05.06 00:00,1.31175,2013.05.06 02:59,1.31325,0.95,150.0,108.51,tp 1.31325,0.1
EURUSD,4,BUY,2013.05.08 00:00,1.30791,2013.05.08 03:50,1.30941,1.12,150.0,128.30,tp 1.30941,0.2
EURUSD,1,BUY,2013.05.09 00:00,1.31593,2013.05.09 10:14,1.31745,0.82,152.0,94.61,tp 1.31743,0.4
EURUSD,5,BUY,2013.05.09 00:00,1.31593,2013.05.09 10:14,1.31745,0.82,152.0,94.61,tp 1.31743,0.4
EURUSD,2,SELL,2013.05.20 00:00,1.28446,2013.05.20 00:27,1.28323,0.88,123.0,84.35,tp 1.28326,0.0
EURUSD,2,SELL,2013.05.23 00:00,1.28527,2013.05.23 01:19,1.28406,0.94,121.0,88.58,tp 1.28407,0.1
EURUSD,2,SELL,2013.05.29 00:00,1.28522,2013.05.29 07:42,1.28400,1.04,122.0,98.82,tp 1.28402,0.3
EURUSD,4,BUY,2013.05.31 00:00,1.30459,2013.06.03 17:10,1.30611,1.49,152.0,172.60,tp 1.30609,3.7
EURUSD,1,BUY,2013.06.04 00:00,1.30700,2013.06.04 09:15,1.30851,1.37,151.0,158.10,tp 1.30850,0.4
EURUSD,1,BUY,2013.06.28 00:00,1.30388,2013.06.28 04:59,1.30541,2.41,153.0,282.46,tp 1.30538,0.2
EURUSD,1,BUY,2013.07.02 00:00,1.30617,2013.07.02 08:54,1.30767,2.06,150.0,236.30,tp 1.30767,0.4
EURUSD,2,SELL,2013.07.05 00:00,1.29114,2013.07.05 01:33,1.28994,2.14,120.0,199.08,tp 1.28994,0.1
EURUSD,5,BUY,2013.07.11 00:00,1.30237,2013.07.11 00:22,1.30389,3.59,152.0,418.50,tp 1.30387,0.0
EURUSD,1,BUY,2013.07.12 00:00,1.30959,2013.07.16 12:28,1.31110,1.92,151.0,219.07,tp 1.31109,4.5
EURUSD,4,BUY,2013.07.12 00:00,1.30959,2013.07.16 12:28,1.31110,1.92,151.0,219.07,tp 1.31109,4.5
EURUSD,5,BUY,2013.08.05 00:00,1.32820,2013.08.05 09:46,1.32971,1.04,151.0,118.10,tp 1.32970,0.4
EURUSD,5,BUY,2013.08.16 00:00,1.33504,2013.08.16 14:42,1.33656,0.94,152.0,106.90,tp 1.33654,0.6
EURUSD,1,BUY,2013.09.09 00:00,1.31738,2013.09.09 10:30,1.31890,3.59,152.0,413.74,tp 1.31888,0.4
EURUSD,5,BUY,2013.09.10 00:00,1.32540,2013.09.10 06:28,1.32690,1.84,150.0,208.00,tp 1.32690,0.3
EURUSD,4,BUY,2013.09.12 00:00,1.33112,2013.09.16 00:00,1.33627,1.39,515.0,534.25,tp 1.33262,4.0
EURUSD,4,BUY,2013.10.18 00:00,1.36727,2013.10.18 08:42,1.36877,0.59,150.0,64.66,tp 1.36877,0.4
EURUSD,5,BUY,2013.10.18 00:00,1.36727,2013.10.18 08:42,1.36877,0.59,150.0,64.66,tp 1.36877,0.4
EURUSD,1,BUY,2013.11.13 00:00,1.34346,2013.11.13 03:47,1.34496,1.37,150.0,152.79,tp 1.34496,0.2
EURUSD,5,BUY,2013.11.14 00:00,1.34821,2013.11.15 15:16,1.34974,1.13,153.0,127.50,tp 1.34971,1.6
EURUSD,5,BUY,2013.11.22 00:00,1.34758,2013.11.22 09:05,1.34913,1.25,155.0,143.61,tp 1.34908,0.4
EURUSD,4,BUY,2013.11.25 00:00,1.35540,2013.11.26 09:24,1.35692,0.96,152.0,107.04,tp 1.35690,1.4
EURUSD,5,BUY,2013.12.04 00:00,1.35893,2013.12.04 18:36,1.36044,0.92,151.0,102.11,tp 1.36043,0.8
EURUSD,5,BUY,2013.12.30 00:00,1.37587,2013.12.30 12:18,1.37737,0.67,150.0,72.97,tp 1.37737,0.5
EURUSD,1,BUY,2014.01.10 00:00,1.36021,2014.01.10 07:02,1.36171,1.08,150.0,118.97,tp 1.36171,0.3
EURUSD,5,BUY,2014.01.13 00:00,1.36667,2014.01.13 04:57,1.36818,0.89,151.0,98.23,tp 1.36817,0.2
EURUSD,1,BUY,2014.01.24 00:00,1.36931,2014.01.24 12:27,1.37082,0.86,151.0,94.73,tp 1.37081,0.5
EURUSD,4,BUY,2014.01.24 00:00,1.36931,2014.01.24 12:27,1.37082,0.86,151.0,94.73,tp 1.37081,0.5
EURUSD,5,BUY,2014.01.24 00:00,1.36931,2014.01.24 12:27,1.37082,0.86,151.0,94.73,tp 1.37081,0.5
EURUSD,5,BUY,2014.02.07 00:00,1.35902,2014.02.07 14:30,1.36057,1.20,155.0,136.71,tp 1.36052,0.6
EURUSD,1,BUY,2014.02.10 00:00,1.36233,2014.02.10 08:29,1.36383,1.08,150.0,118.78,tp 1.36383,0.4
EURUSD,4,BUY,2014.02.10 00:00,1.36233,2014.02.10 08:29,1.36383,1.08,150.0,118.78,tp 1.36383,0.4
EURUSD,1,BUY,2014.02.14 00:00,1.36786,2014.02.14 08:00,1.36941,0.94,155.0,106.40,tp 1.36936,0.3
EURUSD,4,BUY,2014.02.14 00:00,1.36786,2014.02.14 08:00,1.36941,0.94,155.0,106.40,tp 1.36936,0.3
EURUSD,5,BUY,2014.03.03 00:00,1.37857,2014.03.06 14:36,1.38007,0.77,150.0,81.73,tp 1.38007,3.6
EURUSD,5,BUY,2014.04.02 00:00,1.37935,2014.04.02 07:08,1.38085,0.91,150.0,98.85,tp 1.38085,0.3
EURUSD,1,BUY,2014.04.08 00:00,1.37417,2014.04.08 09:20,1.37568,1.07,151.0,117.45,tp 1.37567,0.4
EURUSD,5,BUY,2014.04.09 00:00,1.37956,2014.04.09 15:54,1.38107,0.95,151.0,103.87,tp 1.38106,0.7
EURUSD,4,BUY,2014.03.25 00:00,1.38386,2014.04.09 20:29,1.38539,0.78,153.0,80.17,tp 1.38536,15.9
EURUSD,4,BUY,2014.04.10 00:00,1.38538,2014.04.10 02:54,1.38688,0.84,150.0,90.85,tp 1.38688,0.1
EURUSD,4,BUY,2014.04.23 00:00,1.38058,2014.04.23 08:05,1.38209,1.03,151.0,112.53,tp 1.38208,0.3
EURUSD,5,BUY,2014.04.25 00:00,1.38318,2014.04.25 11:20,1.38468,0.98,150.0,106.16,tp 1.38468,0.5
EURUSD,5,BUY,2014.05.01 00:00,1.38658,2014.05.01 08:06,1.38808,0.93,150.0,100.50,tp 1.38808,0.3
EURUSD,5,BUY,2014.06.04 00:00,1.36271,2014.06.05 13:45,1.36421,4.34,150.0,470.50,tp 1.36421,1.6
EURUSD,5,BUY,2014.06.06 00:00,1.36635,2014.06.10 11:54,1.35490,3.14,-1145.0,-2656.78,sl 1.35492,4.5
EURUSD,2,SELL,2014.06.11 00:00,1.35445,2014.06.11 02:23,1.35325,1.49,120.0,132.13,tp 1.35325,0.1
EURUSD,2,SELL,2014.07.16 00:00,1.35679,2014.07.16 09:03,1.35558,2.20,121.0,196.37,tp 1.35559,0.4
EURUSD,2,SELL,2014.06.18 00:00,1.35460,2014.07.16 12:02,1.35339,1.55,121.0,106.72,tp 1.35340,28.5
EURUSD,3,SELL,2014.08.06 00:00,1.33712,2014.08.06 08:01,1.33592,1.37,120.0,123.06,tp 1.33592,0.3
EURUSD,3,SELL,2014.08.12 00:00,1.33843,2014.08.12 03:06,1.33722,1.43,121.0,129.40,tp 1.33723,0.1
EURUSD,3,SELL,2014.08.19 00:00,1.33611,2014.08.19 08:19,1.33491,1.30,120.0,116.86,tp 1.33491,0.3
EURUSD,3,SELL,2014.09.05 00:00,1.29357,2014.09.05 01:46,1.29237,0.49,120.0,45.50,tp 1.29237,0.1
EURUSD,3,SELL,2014.09.11 00:00,1.29157,2014.09.11 07:03,1.29037,0.46,120.0,42.78,tp 1.29037,0.3
EURUSD,3,SELL,2014.09.18 00:00,1.28456,2014.09.19 16:36,1.28336,0.42,120.0,38.94,tp 1.28336,1.7
EURUSD,3,SELL,2014.09.22 00:00,1.28267,2014.09.24 15:08,1.28147,0.41,120.0,37.75,tp 1.28147,2.6
EURUSD,3,SELL,2014.10.15 00:00,1.26580,2014.10.15 00:33,1.26460,0.35,120.0,33.21,tp 1.26460,0.0
EURUSD,3,SELL,2014.10.20 00:00,1.27552,2014.10.20 00:28,1.27431,0.39,121.0,37.03,tp 1.27432,0.0
EURUSD,3,SELL,2014.10.22 00:00,1.27113,2014.10.22 10:01,1.26990,0.38,123.0,36.81,tp 1.26993,0.4
EURUSD,0,SELL,2014.10.23 00:00,1.26444,2014.10.23 09:00,1.26285,0.35,159.0,44.07,tp 1.26294,0.4
EURUSD,3,SELL,2014.10.13 00:00,1.26273,2014.10.23 09:06,1.26153,0.34,120.0,29.11,tp 1.26153,10.4
EURUSD,3,SELL,2014.10.30 00:00,1.26376,2014.10.30 01:06,1.26256,0.36,120.0,34.22,tp 1.26256,0.0
EURUSD,0,SELL,2014.10.30 00:00,1.26376,2014.10.30 01:17,1.26226,0.36,150.0,42.78,tp 1.26226,0.1
EURUSD,3,SELL,2014.10.06 00:00,1.25132,2014.10.31 14:28,1.25010,0.30,122.0,22.87,tp 1.25012,25.6
EURUSD,3,SELL,2014.11.06 00:00,1.24746,2014.11.06 14:34,1.24626,0.31,120.0,29.85,tp 1.24626,0.6
EURUSD,3,SELL,2014.11.13 00:00,1.24281,2014.11.14 14:30,1.24160,0.30,121.0,29.00,tp 1.24161,1.6
EURUSD,3,SELL,2014.11.18 00:00,1.24492,2014.11.21 10:59,1.24371,0.31,121.0,28.92,tp 1.24372,3.5
EURUSD,3,SELL,2014.11.28 00:00,1.24657,2014.11.28 02:14,1.24537,0.32,120.0,30.83,tp 1.24537,0.1
EURUSD,0,SELL,2014.11.28 00:00,1.24657,2014.11.28 02:24,1.24506,0.32,151.0,38.81,tp 1.24507,0.1
EURUSD,3,SELL,2014.11.24 00:00,1.23623,2014.12.03 10:28,1.23501,0.29,122.0,26.57,tp 1.23503,9.4
EURUSD,0,SELL,2014.11.24 00:00,1.23623,2014.12.03 10:28,1.23472,0.29,151.0,33.39,tp 1.23473,9.4
EURUSD,0,SELL,2014.12.12 00:00,1.24112,2014.12.12 01:40,1.23962,0.33,150.0,39.93,tp 1.23962,0.1
EURUSD,3,SELL,2014.12.16 00:00,1.24351,2014.12.17 17:13,1.24229,0.34,122.0,33.12,tp 1.24231,1.7
EURUSD,3,SELL,2014.12.18 00:00,1.23405,2014.12.18 02:06,1.23285,0.31,120.0,30.17,tp 1.23285,0.1
EURUSD,0,SELL,2014.12.18 00:00,1.23405,2014.12.18 02:10,1.23254,0.31,151.0,37.98,tp 1.23255,0.1
EURUSD,3,SELL,2015.01.14 00:00,1.17712,2015.01.14 11:30,1.17592,0.21,120.0,21.43,tp 1.17592,0.5
EURUSD,3,SELL,2015.01.23 00:00,1.13630,2015.01.23 01:50,1.13509,0.16,121.0,17.06,tp 1.13510,0.1
EURUSD,3,SELL,2015.02.02 00:00,1.13115,2015.02.02 08:03,1.12994,0.16,121.0,17.13,tp 1.12995,0.3
EURUSD,3,SELL,2015.02.05 00:00,1.13428,2015.02.05 00:30,1.13308,0.16,120.0,16.94,tp 1.13308,0.0
EURUSD,3,SELL,2015.02.09 00:00,1.12952,2015.02.09 14:44,1.12830,0.16,122.0,17.30,tp 1.12832,0.6
EURUSD,3,SELL,2015.02.17 00:00,1.13533,2015.02.17 01:18,1.13413,0.17,120.0,17.99,tp 1.13413,0.1
EURUSD,0,SELL,2015.02.17 00:00,1.13533,2015.02.17 01:39,1.13382,0.17,151.0,22.64,tp 1.13383,0.1
EURUSD,3,SELL,2015.02.20 00:00,1.13675,2015.02.20 09:02,1.13555,0.17,120.0,17.96,tp 1.13555,0.4
EURUSD,0,SELL,2015.02.24 00:00,1.13335,2015.02.24 10:05,1.13185,0.17,150.0,22.53,tp 1.13185,0.4
EURUSD,3,SELL,2015.02.27 00:00,1.11975,2015.02.27 16:34,1.11855,0.16,120.0,17.17,tp 1.11855,0.7
EURUSD,0,SELL,2015.02.27 00:00,1.11975,2015.02.27 16:34,1.11823,0.16,152.0,21.75,tp 1.11825,0.7
EURUSD,3,SELL,2015.03.27 00:00,1.08743,2015.03.27 09:28,1.08620,0.15,123.0,16.99,tp 1.08623,0.4
EURUSD,3,SELL,2015.04.08 00:00,1.08137,2015.04.08 17:53,1.08016,0.15,121.0,16.80,tp 1.08017,0.7
EURUSD,0,SELL,2015.04.09 00:00,1.07796,2015.04.09 03:39,1.07645,0.15,151.0,21.04,tp 1.07646,0.2
EURUSD,0,SELL,2015.04.01 00:00,1.07331,2015.04.09 16:55,1.07181,0.14,150.0,18.29,tp 1.07181,8.7
EURUSD,3,SELL,2015.03.20 00:00,1.06562,2015.04.09 21:03,1.06442,0.13,120.0,12.26,tp 1.06442,20.9
EURUSD,3,SELL,2015.04.21 00:01,1.07379,2015.04.21 04:58,1.07256,0.15,123.0,17.20,tp 1.07259,0.2
EURUSD,0,SELL,2015.04.21 00:01,1.07379,2015.04.21 04:58,1.07226,0.15,153.0,21.40,tp 1.07229,0.2
EURUSD,3,SELL,2015.05.05 00:05,1.11444,2015.05.05 07:15,1.11317,0.22,127.0,25.10,tp 1.11324,0.3
EURUSD,3,SELL,2015.05.11 00:05,1.12000,2015.05.11 03:49,1.11872,0.24,128.0,27.46,tp 1.11880,0.2
EURUSD,3,SELL,2015.05.19 00:00,1.13146,2015.05.19 04:45,1.13026,0.29,120.0,30.79,tp 1.13026,0.2
EURUSD,0,SELL,2015.05.21 00:00,1.10917,2015.05.22 15:51,1.10767,0.24,150.0,32.28,tp 1.10767,1.7
EURUSD,3,SELL,2015.06.08 00:05,1.11018,2015.06.08 03:58,1.10897,0.26,121.0,28.37,tp 1.10898,0.2
EURUSD,0,SELL,2015.06.08 00:05,1.11018,2015.06.08 03:59,1.10868,0.26,150.0,35.18,tp 1.10868,0.2
EURUSD,3,SELL,2015.06.12 00:00,1.12567,2015.06.12 00:46,1.12447,0.32,120.0,34.15,tp 1.12447,0.0
EURUSD,3,SELL,2015.06.17 00:00,1.12467,2015.06.17 17:44,1.12346,0.33,121.0,35.54,tp 1.12347,0.7
EURUSD,3,SELL,2015.06.23 00:00,1.13398,2015.06.23 04:26,1.13276,0.38,122.0,40.93,tp 1.13278,0.2
EURUSD,0,SELL,2015.06.26 00:00,1.12023,2015.06.26 03:53,1.11871,0.33,152.0,44.84,tp 1.11873,0.2
EURUSD,0,SELL,2015.06.24 00:00,1.11663,2015.06.26 17:57,1.11505,0.31,158.0,42.82,tp 1.11513,2.7
EURUSD,3,SELL,2015.07.01 00:00,1.11380,2015.07.01 09:01,1.11260,0.32,120.0,34.51,tp 1.11260,0.4
EURUSD,3,SELL,2015.07.07 00:00,1.10551,2015.07.07 03:02,1.10429,0.31,122.0,34.25,tp 1.10431,0.1
EURUSD,3,SELL,2015.07.10 00:00,1.10353,2015.07.13 17:46,1.10229,0.31,124.0,34.59,tp 1.10233,3.7
EURUSD,3,SELL,2015.07.14 00:00,1.10001,2015.07.14 02:49,1.09877,0.31,124.0,34.98,tp 1.09881,0.1
EURUSD,3,SELL,2015.06.02 00:00,1.09257,2015.07.16 04:43,1.09136,0.22,121.0,15.31,tp 1.09137,44.2
EURUSD,3,SELL,2015.07.30 00:00,1.09809,2015.07.30 03:08,1.09689,0.34,120.0,37.20,tp 1.09689,0.1
EURUSD,0,SELL,2015.07.30 00:00,1.09809,2015.07.30 03:09,1.09658,0.34,151.0,46.82,tp 1.09659,0.1
EURUSD,3,SELL,2015.08.17 00:01,1.11140,2015.08.17 02:01,1.11020,0.49,120.0,52.96,tp 1.11020,0.1
EURUSD,3,SELL,2015.08.27 00:00,1.13072,2015.08.27 11:08,1.12951,0.88,121.0,94.27,tp 1.12952,0.5
EURUSD,3,SELL,2015.09.03 00:00,1.12252,2015.09.03 02:33,1.12132,0.79,120.0,84.54,tp 1.12132,0.1
EURUSD,0,SELL,2015.09.04 00:00,1.11206,2015.09.04 15:32,1.11056,0.63,150.0,85.09,tp 1.11056,0.6
EURUSD,3,SELL,2015.09.16 00:00,1.12680,2015.09.16 10:09,1.12560,1.07,120.0,114.07,tp 1.12560,0.4
EURUSD,3,SELL,2015.09.21 00:01,1.12823,2015.09.21 14:14,1.12703,1.23,120.0,130.96,tp 1.12703,0.6
EURUSD,0,SELL,2015.09.22 00:00,1.11886,2015.09.22 09:07,1.11734,0.92,152.0,125.15,tp 1.11736,0.4
EURUSD,3,SELL,2015.10.01 00:01,1.11748,2015.10.01 04:12,1.11628,1.00,120.0,107.50,tp 1.11628,0.2
EURUSD,0,SELL,2015.10.01 00:01,1.11748,2015.10.01 04:50,1.11598,1.00,150.0,134.41,tp 1.11598,0.2
EURUSD,3,SELL,2015.10.06 00:00,1.11854,2015.10.06 04:10,1.11734,1.10,120.0,118.14,tp 1.11734,0.2
EURUSD,0,SELL,2015.10.08 00:00,1.12353,2015.10.14 15:30,1.14357,1.42,-2004.0,-2493.43,sl 1.14356,6.6
EURUSD,0,SELL,2015.10.23 00:01,1.11055,2015.10.23 00:37,1.10905,0.98,150.0,132.55,tp 1.10905,0.0
EURUSD,3,SELL,2015.11.04 00:01,1.09626,2015.11.04 03:07,1.09505,0.73,121.0,80.66,tp 1.09506,0.1
EURUSD,3,SELL,2015.11.17 00:01,1.06770,2015.11.17 03:10,1.06650,0.45,120.0,50.63,tp 1.06650,0.1
EURUSD,3,SELL,2015.11.23 00:01,1.06372,2015.11.23 03:45,1.06252,0.43,120.0,48.56,tp 1.06252,0.2
EURUSD,3,SELL,2015.12.16 00:00,1.09289,2015.12.16 11:48,1.09168,1.20,121.0,133.01,tp 1.09169,0.5
EURUSD,3,SELL,2015.12.30 00:01,1.09214,2015.12.30 15:47,1.09093,1.49,121.0,165.26,tp 1.09094,0.7
EURUSD,3,SELL,2015.12.24 00:00,1.09087,2015.12.31 13:57,1.08966,1.32,121.0,138.15,tp 1.08967,7.6
EURUSD,0,SELL,2016.01.04 00:00,1.08696,2016.01.04 01:04,1.08546,1.24,150.0,171.36,tp 1.08546,0.0
EURUSD,3,SELL,2016.01.12 00:00,1.08568,2016.01.12 03:16,1.08448,1.31,120.0,144.95,tp 1.08448,0.1
EURUSD,0,SELL,2016.01.12 00:00,1.08568,2016.01.12 03:16,1.08418,1.31,150.0,181.24,tp 1.08418,0.1
EURUSD,3,SELL,2016.01.21 00:01,1.08876,2016.01.21 01:40,1.08756,1.75,120.0,193.09,tp 1.08756,0.1
EURUSD,0,SELL,2016.01.21 00:01,1.08876,2016.01.21 02:02,1.08724,1.76,152.0,246.05,tp 1.08726,0.1
EURUSD,3,SELL,2016.02.01 00:00,1.08297,2016.02.01 01:17,1.08177,1.40,120.0,155.30,tp 1.08177,0.1
EURUSD,0,SELL,2016.02.01 00:00,1.08297,2016.02.03 17:00,1.10358,1.41,-2061.0,-2635.84,sl 1.10357,2.7
EURUSD,1,BUY,2016.02.04 00:00,1.11061,2016.02.04 10:03,1.11211,3.72,150.0,501.75,tp 1.11211,0.4
EURUSD,4,BUY,2016.03.11 00:00,1.11789,2016.03.11 02:55,1.11939,1.74,150.0,233.16,tp 1.11939,0.1
EURUSD,5,BUY,2016.03.30 00:00,1.12904,2016.03.30 09:01,1.13054,1.13,150.0,149.93,tp 1.13054,0.4
EURUSD,4,BUY,2016.04.19 00:00,1.13098,2016.04.19 06:45,1.13249,1.21,151.0,161.33,tp 1.13248,0.3
EURUSD,5,BUY,2016.04.20 00:00,1.13593,2016.04.20 12:42,1.13743,1.02,150.0,134.51,tp 1.13743,0.5
EURUSD,5,BUY,2016.04.27 00:00,1.12955,2016.04.27 05:10,1.13105,1.39,150.0,184.34,tp 1.13105,0.2
EURUSD,4,BUY,2016.04.29 00:00,1.13546,2016.04.29 04:23,1.13697,1.09,151.0,144.76,tp 1.13696,0.2
EURUSD,5,BUY,2016.06.02 00:00,1.11875,2016.06.02 05:24,1.12025,3.46,150.0,463.29,tp 1.12025,0.2
EURUSD,1,BUY,2016.06.06 00:00,1.13595,2016.06.06 19:51,1.13746,1.15,151.0,152.66,tp 1.13745,0.8
EURUSD,4,BUY,2016.06.06 00:00,1.13595,2016.06.06 19:51,1.13746,1.15,151.0,152.66,tp 1.13745,0.8
EURUSD,5,BUY,2016.06.06 00:00,1.13595,2016.06.06 19:51,1.13746,1.15,151.0,152.66,tp 1.13745,0.8
EURUSD,1,BUY,2016.06.16 00:00,1.12589,2016.06.16 03:44,1.12739,1.98,150.0,263.44,tp 1.12739,0.2
EURUSD,4,BUY,2016.06.16 00:00,1.12589,2016.06.16 03:44,1.12739,1.98,150.0,263.44,tp 1.12739,0.2
EURUSD,1,BUY,2016.06.20 00:00,1.13323,2016.06.20 02:53,1.13481,1.36,158.0,189.35,tp 1.13473,0.1
EURUSD,4,BUY,2016.06.20 00:00,1.13323,2016.06.20 02:53,1.13481,1.36,158.0,189.35,tp 1.13473,0.1
EURUSD,5,BUY,2016.06.21 00:00,1.13169,2016.06.21 03:54,1.13320,1.49,151.0,198.54,tp 1.13319,0.2
EURUSD,5,BUY,2016.06.23 00:00,1.12948,2016.06.23 00:04,1.13098,1.68,150.0,222.82,tp 1.13098,0.0
EURUSD,2,SELL,2016.06.27 00:01,1.10024,2016.06.27 05:20,1.09904,1.29,120.0,140.85,tp 1.09904,0.2
EURUSD,0,SELL,2016.06.27 00:01,1.10024,2016.06.27 05:20,1.09874,3.22,150.0,439.59,tp 1.09874,0.2
EURUSD,5,BUY,2016.07.05 00:03,1.11549,2016.07.05 10:29,1.11699,5.00,150.0,671.45,tp 1.11699,0.4
EURUSD,2,SELL,2016.07.06 00:02,1.10709,2016.07.06 02:05,1.10589,1.74,120.0,188.81,tp 1.10589,0.1
EURUSD,2,SELL,2016.07.18 00:00,1.10497,2016.07.19 14:47,1.10376,1.61,121.0,175.05,tp 1.10377,1.6
EURUSD,5,BUY,2016.08.11 00:00,1.11780,2016.08.12 15:31,1.11936,4.85,156.0,672.87,tp 1.11930,1.6
EURUSD,2,SELL,2016.08.08 00:00,1.10795,2016.08.12 15:36,1.12101,2.38,-1306.0,-2785.57,sl 1.12101,4.7
EURUSD,1,BUY,2016.08.17 00:00,1.12787,2016.08.17 21:04,1.12938,1.91,151.0,255.37,tp 1.12937,0.9
EURUSD,1,BUY,2016.09.02 00:00,1.11940,2016.09.02 15:29,1.12093,3.95,153.0,539.15,tp 1.12090,0.6
EURUSD,1,BUY,2016.09.07 00:00,1.12527,2016.09.07 17:08,1.12679,2.33,152.0,314.31,tp 1.12677,0.7
EURUSD,4,BUY,2016.09.07 00:00,1.12527,2016.09.07 17:08,1.12679,2.33,152.0,314.31,tp 1.12677,0.7
EURUSD,4,BUY,2016.09.15 00:00,1.12499,2016.09.15 15:30,1.12649,2.44,150.0,324.90,tp 1.12649,0.6
EURUSD,1,BUY,2016.09.22 00:00,1.11872,2016.09.22 08:06,1.12022,4.46,150.0,597.20,tp 1.12022,0.3
EURUSD,4,BUY,2016.09.23 00:00,1.12085,2016.09.23 13:59,1.12235,3.55,150.0,474.45,tp 1.12235,0.6
EURUSD,1,BUY,2016.10.10 00:00,1.11833,2016.10.10 00:06,1.11989,4.85,156.0,675.60,tp 1.11983,0.0
EURUSD,2,SELL,2016.10.12 00:00,1.10530,2016.10.12 08:14,1.10410,3.16,120.0,343.45,tp 1.10410,0.3
EURUSD,2,SELL,2016.11.08 00:00,1.10396,2016.11.08 19:12,1.10275,4.11,121.0,450.97,tp 1.10276,0.8
EURUSD,0,SELL,2016.11.10 00:00,1.09083,2016.11.10 11:48,1.08925,1.90,158.0,275.60,tp 1.08933,0.5
EURUSD,3,SELL,2016.11.24 00:00,1.05485,2016.11.24 02:12,1.05365,0.66,120.0,75.17,tp 1.05365,0.1
EURUSD,3,SELL,2016.12.01 00:00,1.05891,2016.12.05 00:20,1.05769,0.69,122.0,78.29,tp 1.05771,4.0
EURUSD,3,SELL,2016.12.09 00:00,1.06117,2016.12.09 03:57,1.05994,0.73,123.0,84.71,tp 1.05997,0.2
EURUSD,0,SELL,2016.12.09 00:00,1.06117,2016.12.09 03:57,1.05967,0.73,150.0,103.33,tp 1.05967,0.2
EURUSD,3,SELL,2016.12.15 00:00,1.05308,2016.12.15 01:05,1.05188,0.64,120.0,73.01,tp 1.05188,0.0
EURUSD,3,SELL,2017.01.03 00:00,1.04524,2017.01.03 10:20,1.04404,0.57,120.0,65.51,tp 1.04404,0.4
EURUSD,3,SELL,2016.12.29 00:00,1.04162,2017.01.03 11:53,1.04039,0.54,123.0,62.30,tp 1.04042,5.5
EURUSD,3,SELL,2017.01.11 00:00,1.05530,2017.01.11 05:08,1.05410,0.70,120.0,79.69,tp 1.05410,0.2
EURUSD,3,SELL,2017.01.19 00:00,1.06288,2017.01.19 15:38,1.06168,0.85,120.0,96.07,tp 1.06168,0.7
EURUSD,3,SELL,2017.01.27 00:00,1.06794,2017.01.27 08:03,1.06674,0.97,120.0,109.12,tp 1.06674,0.3
EURUSD,3,SELL,2017.02.07 00:00,1.07392,2017.02.07 02:50,1.07272,1.18,120.0,132.00,tp 1.07272,0.1
EURUSD,0,SELL,2017.02.08 00:00,1.06795,2017.02.08 09:12,1.06641,1.01,154.0,145.85,tp 1.06645,0.4
EURUSD,3,SELL,2017.01.17 00:00,1.05946,2017.02.14 17:05,1.05822,0.78,124.0,71.00,tp 1.05826,28.7
EURUSD,3,SELL,2017.02.20 00:01,1.06069,2017.02.21 02:38,1.05949,0.89,120.0,99.96,tp 1.05949,1.1
EURUSD,3,SELL,2017.02.27 00:02,1.05622,2017.03.01 09:02,1.05499,0.82,123.0,94.05,tp 1.05502,2.4
EURUSD,3,SELL,2017.03.02 00:00,1.05457,2017.03.02 02:02,1.05337,0.80,120.0,91.14,tp 1.05337,0.1
EURUSD,0,SELL,2017.03.07 00:00,1.05806,2017.03.07 11:55,1.05655,0.87,151.0,124.34,tp 1.05656,0.5
EURUSD,3,SELL,2017.03.08 00:00,1.05635,2017.03.08 10:26,1.05515,0.85,120.0,96.67,tp 1.05515,0.4
EURUSD,3,SELL,2017.03.21 00:00,1.07363,2017.03.21 01:32,1.07243,1.47,120.0,164.49,tp 1.07243,0.1
EURUSD,3,SELL,2017.03.29 00:00,1.08117,2017.03.29 09:08,1.07995,2.21,122.0,249.66,tp 1.07997,0.4
EURUSD,0,SELL,2017.03.31 00:00,1.06742,2017.03.31 23:17,1.06592,1.27,150.0,178.72,tp 1.06592,1.0
EURUSD,3,SELL,2017.04.07 00:00,1.06425,2017.04.07 11:42,1.06304,1.21,121.0,137.73,tp 1.06305,0.5
EURUSD,3,SELL,2017.03.15 00:00,1.06077,2017.04.07 19:56,1.05957,0.97,120.0,87.28,tp 1.05957,23.8
EURUSD,3,SELL,2017.04.14 00:00,1.06116,2017.04.25 17:28,1.09277,1.17,-3161.0,-3394.23,sl 1.09272,11.7
EURUSD,3,SELL,2017.04.28 00:00,1.08702,2017.04.28 04:01,1.08576,5.00,126.0,580.24,tp 1.08582,0.2
EURUSD,3,SELL,2017.05.04 00:00,1.08847,2017.05.04 10:49,1.09128,5.00,-281.0,-1287.48,sl 1.09128,0.5
EURUSD,5,BUY,2017.05.15 00:02,1.09344,2017.05.15 11:32,1.09495,5.00,151.0,689.53,tp 1.09494,0.5
EURUSD,5,BUY,2017.05.31 00:00,1.11860,2017.05.31 13:26,1.12019,1.24,159.0,176.01,tp 1.12010,0.6
EURUSD,5,BUY,2017.06.26 00:03,1.11993,2017.06.26 15:42,1.12143,1.20,150.0,160.51,tp 1.12143,0.7
EURUSD,4,BUY,2017.06.28 00:04,1.13373,2017.06.28 04:57,1.13523,0.83,150.0,109.67,tp 1.13523,0.2
EURUSD,4,BUY,2017.08.21 00:03,1.17630,2017.08.21 15:40,1.17780,0.48,150.0,61.13,tp 1.17780,0.7
EURUSD,4,BUY,2017.08.24 00:16,1.18095,2017.08.25 13:36,1.18247,0.46,152.0,58.86,tp 1.18245,1.6
EURUSD,5,BUY,2017.08.24 00:16,1.18095,2017.08.25 13:36,1.18247,0.46,152.0,58.86,tp 1.18245,1.6
EURUSD,5,BUY,2017.08.22 00:04,1.18157,2017.08.25 17:01,1.18307,0.46,150.0,56.96,tp 1.18307,3.7
EURUSD,5,BUY,2017.08.14 00:04,1.18265,2017.08.25 17:01,1.18417,0.43,152.0,51.85,tp 1.18415,11.7
EURUSD,5,BUY,2017.09.05 00:16,1.18976,2017.09.05 17:12,1.19127,0.43,151.0,54.50,tp 1.19126,0.7
EURUSD,5,BUY,2017.09.20 00:00,1.19938,2017.09.20 04:39,1.20089,0.41,151.0,51.55,tp 1.20088,0.2
EURUSD,4,BUY,2017.09.22 00:00,1.19406,2017.09.22 04:26,1.19556,0.44,150.0,55.20,tp 1.19556,0.2
EURUSD,5,BUY,2017.09.22 00:00,1.19406,2017.09.22 04:26,1.19556,0.44,150.0,55.20,tp 1.19556,0.2
EURUSD,5,BUY,2017.10.11 00:00,1.18084,2017.10.11 03:19,1.18234,0.54,150.0,68.51,tp 1.18234,0.1
EURUSD,4,BUY,2017.10.12 00:00,1.18585,2017.10.12 04:37,1.18737,0.50,152.0,64.01,tp 1.18735,0.2
EURUSD,4,BUY,2017.10.26 00:00,1.18132,2017.10.26 04:28,1.18283,0.55,151.0,70.21,tp 1.18282,0.2
EURUSD,5,BUY,2017.10.26 00:00,1.18132,2017.10.26 04:28,1.18283,0.55,151.0,70.21,tp 1.18282,0.2
EURUSD,5,BUY,2017.11.10 00:00,1.16416,2017.11.10 11:49,1.16567,0.71,151.0,91.97,tp 1.16566,0.5
EURUSD,1,BUY,2017.11.15 00:00,1.17985,2017.11.15 09:10,1.18138,0.59,153.0,76.41,tp 1.18135,0.4
EURUSD,4,BUY,2017.11.15 00:00,1.17985,2017.11.15 09:10,1.18138,0.59,153.0,76.41,tp 1.18135,0.4
EURUSD,1,BUY,2017.11.23 00:00,1.18224,2017.11.23 05:32,1.18374,0.61,150.0,77.30,tp 1.18374,0.2
EURUSD,4,BUY,2017.10.20 00:00,1.18512,2017.11.24 11:07,1.18663,0.52,151.0,55.32,tp 1.18662,35.5
EURUSD,5,BUY,2017.10.20 00:00,1.18512,2017.11.24 11:07,1.18663,0.52,151.0,55.32,tp 1.18662,35.5
EURUSD,1,BUY,2017.12.14 00:00,1.18260,2017.12.14 03:04,1.18410,0.69,150.0,87.41,tp 1.18410,0.1
EURUSD,4,BUY,2017.12.14 00:00,1.18260,2017.12.14 03:04,1.18410,0.69,150.0,87.41,tp 1.18410,0.1
EURUSD,5,BUY,2017.12.14 00:00,1.18260,2017.12.14 03:04,1.18410,0.69,150.0,87.41,tp 1.18410,0.1
EURUSD,5,BUY,2017.12.19 00:00,1.17819,2017.12.19 08:46,1.17969,0.77,150.0,97.91,tp 1.17969,0.4
EURUSD,1,BUY,2017.12.20 00:00,1.18394,2017.12.20 12:31,1.18544,0.70,150.0,88.57,tp 1.18544,0.5
EURUSD,4,BUY,2017.12.20 00:00,1.18394,2017.12.20 12:31,1.18544,0.70,150.0,88.57,tp 1.18544,0.5
EURUSD,5,BUY,2018.01.12 00:00,1.20322,2018.01.12 02:03,1.20474,0.60,152.0,75.70,tp 1.20472,0.1
EURUSD,4,BUY,2018.02.14 00:00,1.23529,2018.02.14 04:22,1.23679,0.49,150.0,59.43,tp 1.23679,0.2
EURUSD,5,BUY,2018.02.14 00:00,1.23529,2018.02.14 04:22,1.23679,0.48,150.0,58.22,tp 1.23679,0.2
EURUSD,5,BUY,2018.03.05 00:00,1.23346,2018.03.05 00:10,1.23497,0.57,151.0,69.69,tp 1.23496,0.0
EURUSD,4,BUY,2018.03.06 00:00,1.23366,2018.03.06 02:34,1.23517,0.58,151.0,70.91,tp 1.23516,0.1
EURUSD,5,BUY,2018.03.13 00:00,1.23348,2018.03.13 12:45,1.23498,0.61,150.0,74.09,tp 1.23498,0.5
EURUSD,4,BUY,2018.03.14 00:00,1.23912,2018.03.14 04:20,1.24062,0.57,150.0,68.92,tp 1.24062,0.2
EURUSD,4,BUY,2018.03.20 00:00,1.23350,2018.03.20 03:48,1.23501,0.64,151.0,78.25,tp 1.23500,0.2
EURUSD,4,BUY,2018.03.22 00:00,1.23388,2018.03.22 02:04,1.23538,0.65,150.0,78.92,tp 1.23538,0.1
EURUSD,5,BUY,2018.03.22 00:00,1.23388,2018.03.22 02:04,1.23538,0.65,150.0,78.92,tp 1.23538,0.1
EURUSD,4,BUY,2018.03.26 00:01,1.23527,2018.03.26 03:54,1.23677,0.65,150.0,78.83,tp 1.23677,0.2
EURUSD,5,BUY,2018.03.26 00:01,1.23527,2018.03.26 03:54,1.23677,0.65,150.0,78.83,tp 1.23677,0.2
EURUSD,4,BUY,2018.04.10 00:00,1.23214,2018.04.10 14:31,1.23395,0.76,181.0,111.48,tp 1.23364,0.6
EURUSD,5,BUY,2018.04.10 00:00,1.23214,2018.04.10 14:31,1.23395,0.76,181.0,111.48,tp 1.23364,0.6
EURUSD,5,BUY,2018.05.14 00:01,1.19479,2018.05.14 03:43,1.19630,5.00,151.0,631.11,tp 1.19629,0.2
EURUSD,2,SELL,2018.05.10 00:00,1.18502,2018.05.15 16:19,1.18382,1.05,120.0,103.80,tp 1.18382,5.7
EURUSD,2,SELL,2018.05.16 00:00,1.18374,2018.05.16 01:25,1.18254,1.02,120.0,103.51,tp 1.18254,0.1
EURUSD,3,SELL,2018.05.23 00:00,1.17782,2018.05.23 04:40,1.17662,4.23,120.0,431.41,tp 1.17662,0.2
EURUSD,3,SELL,2018.06.13 00:09,1.17461,2018.06.13 09:18,1.17341,2.71,120.0,277.14,tp 1.17341,0.4
EURUSD,3,SELL,2018.06.15 00:00,1.15680,2018.06.15 03:53,1.15560,1.29,120.0,133.96,tp 1.15560,0.2
EURUSD,0,SELL,2018.06.15 00:00,1.15680,2018.06.15 09:03,1.15530,1.29,150.0,167.49,tp 1.15530,0.4
EURUSD,3,SELL,2018.06.27 00:00,1.16455,2018.06.27 11:32,1.16335,1.57,120.0,161.95,tp 1.16335,0.5
EURUSD,0,SELL,2018.06.27 00:00,1.16455,2018.06.27 11:32,1.16296,1.57,159.0,214.65,tp 1.16305,0.5
EURUSD,0,SELL,2018.07.03 00:00,1.16386,2018.07.03 04:38,1.16236,1.55,150.0,200.02,tp 1.16236,0.2
EURUSD,3,SELL,2018.07.12 00:00,1.16718,2018.07.12 14:01,1.16598,1.69,120.0,173.93,tp 1.16598,0.6
EURUSD,3,SELL,2018.07.05 00:00,1.16554,2018.07.13 09:55,1.16434,1.64,120.0,157.79,tp 1.16434,8.4
EURUSD,3,SELL,2018.07.18 00:00,1.16591,2018.07.18 07:00,1.16470,1.62,121.0,168.30,tp 1.16471,0.3
EURUSD,0,SELL,2018.07.19 00:00,1.16381,2018.07.19 09:36,1.16226,1.51,155.0,201.37,tp 1.16231,0.4
EURUSD,3,SELL,2018.07.27 00:00,1.16403,2018.07.27 11:24,1.16283,1.53,120.0,157.89,tp 1.16283,0.5
EURUSD,0,SELL,2018.07.27 00:00,1.16403,2018.07.27 11:50,1.16253,1.53,150.0,197.41,tp 1.16253,0.5
EURUSD,3,SELL,2018.08.02 00:00,1.16590,2018.08.02 07:26,1.16469,1.65,121.0,171.42,tp 1.16470,0.3
EURUSD,0,SELL,2018.08.02 00:00,1.16590,2018.08.02 09:14,1.16437,1.65,153.0,216.81,tp 1.16440,0.4
EURUSD,3,SELL,2018.08.10 00:00,1.15262,2018.08.10 08:08,1.15141,1.15,121.0,120.85,tp 1.15142,0.3
EURUSD,3,SELL,2018.08.31 00:00,1.16652,2018.08.31 14:16,1.16532,1.72,120.0,177.12,tp 1.16532,0.6
EURUSD,3,SELL,2018.09.10 00:02,1.15494,2018.09.10 09:47,1.15374,1.29,120.0,134.17,tp 1.15374,0.4
EURUSD,0,SELL,2018.09.28 00:00,1.16407,2018.09.28 09:37,1.16257,1.72,150.0,221.92,tp 1.16257,0.4
EURUSD,3,SELL,2018.09.17 00:02,1.16231,2018.09.28 12:00,1.16106,1.60,125.0,154.51,tp 1.16111,11.5
EURUSD,3,SELL,2018.08.24 00:00,1.15369,2018.10.02 11:34,1.15248,1.21,121.0,88.65,tp 1.15249,39.5
EURUSD,0,SELL,2018.08.24 00:00,1.15369,2018.10.02 11:45,1.15218,1.21,151.0,120.19,tp 1.15219,39.5
EURUSD,3,SELL,2018.10.09 00:00,1.14903,2018.10.09 09:25,1.14781,1.20,122.0,127.55,tp 1.14783,0.4
EURUSD,3,SELL,2018.10.17 00:00,1.15733,2018.10.17 05:52,1.15613,1.53,120.0,158.81,tp 1.15613,0.2
EURUSD,3,SELL,2018.10.23 00:00,1.14635,2018.10.23 09:00,1.14515,1.16,120.0,121.56,tp 1.14515,0.4
EURUSD,3,SELL,2018.11.09 00:00,1.13628,2018.11.09 05:44,1.13508,0.96,120.0,101.49,tp 1.13508,0.2
EURUSD,3,SELL,2018.11.21 00:00,1.13695,2018.11.23 12:37,1.13575,0.99,120.0,101.12,tp 1.13575,2.5
EURUSD,0,SELL,2018.11.21 00:00,1.13695,2018.11.23 12:38,1.13545,0.99,150.0,127.31,tp 1.13545,2.5
EURUSD,0,SELL,2018.11.26 00:02,1.13391,2018.11.27 08:48,1.13241,0.95,150.0,125.00,tp 1.13241,1.4
EURUSD,3,SELL,2018.12.03 00:02,1.13499,2018.12.03 00:07,1.13378,0.99,121.0,105.66,tp 1.13379,0.0
EURUSD,0,SELL,2018.12.03 00:02,1.13499,2018.12.03 00:52,1.13348,0.99,151.0,131.89,tp 1.13349,0.0
EURUSD,3,SELL,2018.12.11 00:00,1.13548,2018.12.11 16:21,1.13427,1.03,121.0,109.88,tp 1.13428,0.7
EURUSD,0,SELL,2018.12.14 00:00,1.13574,2018.12.14 10:16,1.13424,1.04,150.0,137.54,tp 1.13424,0.4
EURUSD,0,SELL,2018.12.12 00:00,1.13160,2018.12.14 10:50,1.13005,0.96,155.0,128.30,tp 1.13010,2.5
EURUSD,3,SELL,2018.12.24 00:00,1.13675,2018.12.26 20:01,1.13553,1.09,122.0,115.21,tp 1.13555,2.8
EURUSD,3,SELL,2018.12.27 00:00,1.13536,2019.01.02 19:23,1.13415,1.07,121.0,110.42,tp 1.13416,6.8
EURUSD,0,SELL,2018.12.27 00:00,1.13536,2019.01.02 19:23,1.13385,1.07,151.0,138.76,tp 1.13386,6.8
EURUSD,3,SELL,2019.01.03 00:00,1.13436,2019.01.03 00:34,1.13315,1.08,121.0,115.32,tp 1.13316,0.0
EURUSD,0,SELL,2019.01.03 00:00,1.13436,2019.01.03 00:35,1.13285,1.08,151.0,143.96,tp 1.13286,0.0
EURUSD,3,SELL,2019.01.14 00:01,1.14569,2019.01.15 11:13,1.14449,1.48,120.0,153.89,tp 1.14449,1.5
EURUSD,0,SELL,2019.01.16 00:00,1.14114,2019.01.16 09:36,1.13962,1.33,152.0,177.39,tp 1.13964,0.4
EURUSD,3,SELL,2019.02.05 00:00,1.14351,2019.02.05 09:20,1.14230,1.61,121.0,170.54,tp 1.14231,0.4
EURUSD,0,SELL,2019.02.06 00:00,1.14038,2019.02.06 08:53,1.13888,1.50,150.0,197.56,tp 1.13888,0.4
EURUSD,3,SELL,2019.01.25 00:00,1.13065,2019.02.11 16:18,1.12945,1.12,120.0,104.27,tp 1.12945,17.7
EURUSD,3,SELL,2018.12.17 00:00,1.12995,2019.02.11 16:19,1.12875,0.94,120.0,53.79,tp 1.12875,56.7
EURUSD,3,SELL,2019.02.14 00:00,1.12609,2019.02.15 15:26,1.12489,1.15,120.0,121.66,tp 1.12489,1.6
EURUSD,3,SELL,2019.02.18 00:02,1.12917,2019.02.19 13:36,1.12797,1.27,120.0,133.99,tp 1.12797,1.6
EURUSD,3,SELL,2019.03.01 00:00,1.13697,2019.03.01 10:26,1.13577,1.75,120.0,184.90,tp 1.13577,0.4
EURUSD,3,SELL,2019.02.25 00:02,1.13332,2019.03.04 17:03,1.13208,1.50,124.0,155.06,tp 1.13212,7.7
EURUSD,0,SELL,2019.03.05 00:00,1.13393,2019.03.05 08:51,1.13243,1.65,150.0,218.56,tp 1.13243,0.4
EURUSD,0,SELL,2019.03.15 00:00,1.13040,2019.03.22 10:47,1.12889,1.65,151.0,210.55,tp 1.12890,7.4
EURUSD,3,SELL,2019.03.25 00:00,1.12934,2019.03.26 15:45,1.12814,1.72,120.0,181.44,tp 1.12814,1.7
EURUSD,0,SELL,2019.03.25 00:00,1.12934,2019.03.26 17:58,1.12784,1.72,150.0,227.24,tp 1.12784,1.7
EURUSD,3,SELL,2019.04.17 00:00,1.12800,2019.04.18 10:34,1.12680,2.05,120.0,212.88,tp 1.12680,1.4
EURUSD,3,SELL,2019.04.12 00:00,1.12538,2019.04.18 15:30,1.12418,1.82,120.0,184.61,tp 1.12418,6.6
EURUSD,3,SELL,2019.04.19 00:00,1.12306,2019.04.23 15:55,1.12186,1.83,120.0,192.49,tp 1.12186,4.7
EURUSD,0,SELL,2019.04.19 00:00,1.12306,2019.04.23 16:01,1.12156,1.83,150.0,241.49,tp 1.12156,4.7
EURUSD,3,SELL,2019.04.08 00:02,1.12139,2019.04.23 17:13,1.12018,1.54,121.0,145.85,tp 1.12019,15.7
EURUSD,3,SELL,2019.04.24 00:00,1.12270,2019.04.24 04:30,1.12150,1.92,120.0,205.44,tp 1.12150,0.2
EURUSD,0,SELL,2019.04.24 00:00,1.12270,2019.04.24 04:30,1.12116,1.92,154.0,263.73,tp 1.12120,0.2
EURUSD,3,SELL,2019.05.03 00:00,1.11710,2019.05.03 10:11,1.11589,1.75,121.0,189.76,tp 1.11590,0.4
EURUSD,3,SELL,2019.05.09 00:00,1.11916,2019.05.09 11:14,1.11794,1.95,122.0,212.80,tp 1.11796,0.5
EURUSD,3,SELL,2019.05.15 00:00,1.12029,2019.05.15 14:29,1.11908,2.13,121.0,230.31,tp 1.11909,0.6
EURUSD,0,SELL,2019.05.15 00:00,1.12029,2019.05.15 14:30,1.11879,2.13,150.0,285.58,tp 1.11879,0.6
EURUSD,3,SELL,2019.05.29 00:00,1.11594,2019.05.29 16:08,1.11474,1.99,120.0,214.22,tp 1.11474,0.7
EURUSD,0,SELL,2019.05.29 00:00,1.11594,2019.05.29 16:14,1.11444,1.99,150.0,267.85,tp 1.11444,0.7
EURUSD,3,SELL,2019.06.13 00:00,1.12865,2019.06.13 15:54,1.12743,4.19,122.0,453.40,tp 1.12745,0.7
EURUSD,0,SELL,2019.06.17 00:02,1.12088,2019.06.18 11:19,1.11938,2.77,150.0,368.72,tp 1.11938,1.5
EURUSD,3,SELL,2019.06.27 00:00,1.13684,2019.06.27 07:07,1.13564,5.00,120.0,528.34,tp 1.13564,0.3
EURUSD,0,SELL,2019.07.02 00:00,1.12850,2019.07.03 10:14,1.12700,4.95,150.0,654.44,tp 1.12700,1.4
EURUSD,3,SELL,2019.07.08 00:05,1.12240,2019.07.08 17:18,1.12119,3.42,121.0,369.09,tp 1.12120,0.7
EURUSD,3,SELL,2019.07.16 00:00,1.12574,2019.07.16 10:49,1.12454,4.59,120.0,489.80,tp 1.12454,0.5
EURUSD,3,SELL,2019.07.22 00:05,1.12140,2019.07.23 04:06,1.12018,3.64,122.0,393.19,tp 1.12020,1.2
EURUSD,3,SELL,2019.08.01 00:00,1.10749,2019.08.01 03:12,1.10628,2.11,121.0,230.78,tp 1.10629,0.1
EURUSD,3,SELL,2019.08.09 00:00,1.11802,2019.08.12 10:46,1.11681,3.48,121.0,373.93,tp 1.11682,3.4
EURUSD,0,SELL,2019.08.09 00:00,1.11802,2019.08.12 11:03,1.11652,3.48,150.0,464.41,tp 1.11652,3.5
EURUSD,3,SELL,2019.08.14 00:00,1.11710,2019.08.14 16:59,1.11590,3.46,120.0,372.08,tp 1.11590,0.7
EURUSD,0,SELL,2019.08.14 00:00,1.11710,2019.08.14 16:59,1.11559,3.46,151.0,468.33,tp 1.11560,0.7
EURUSD,3,SELL,2019.08.22 00:00,1.10844,2019.08.22 12:40,1.10724,2.45,120.0,265.53,tp 1.10724,0.5
EURUSD,0,SELL,2019.08.27 00:00,1.11018,2019.08.27 19:15,1.10868,2.68,150.0,362.59,tp 1.10868,0.8
EURUSD,3,SELL,2019.08.28 00:00,1.10901,2019.08.28 16:01,1.10778,2.60,123.0,288.69,tp 1.10781,0.7
EURUSD,3,SELL,2019.09.12 00:00,1.10102,2019.09.12 14:48,1.09982,2.14,120.0,233.49,tp 1.09982,0.6
EURUSD,0,SELL,2019.09.19 00:00,1.10298,2019.09.20 16:21,1.10148,2.33,150.0,315.19,tp 1.10148,1.7
EURUSD,3,SELL,2019.09.23 00:05,1.10120,2019.09.23 10:29,1.09997,2.27,123.0,253.83,tp 1.10000,0.4
EURUSD,3,SELL,2019.09.17 00:00,1.09998,2019.09.23 10:30,1.09878,2.11,120.0,218.97,tp 1.09878,6.4
EURUSD,0,SELL,2019.09.17 00:00,1.09998,2019.09.23 10:30,1.09847,2.11,151.0,278.58,tp 1.09848,6.4
EURUSD,3,SELL,2019.09.26 00:00,1.09415,2019.09.26 13:09,1.09295,1.91,120.0,209.71,tp 1.09295,0.5
EURUSD,3,SELL,2019.10.23 00:00,1.11242,2019.10.23 12:46,1.11120,5.00,122.0,548.96,tp 1.11122,0.5
EURUSD,3,SELL,2019.11.05 00:00,1.11269,2019.11.05 05:33,1.11149,5.00,120.0,539.82,tp 1.11149,0.2
EURUSD,0,SELL,2019.11.06 00:00,1.10742,2019.11.07 04:46,1.10592,4.01,150.0,533.02,tp 1.10592,1.2
EURUSD,3,SELL,2019.11.22 00:00,1.10580,2019.11.22 16:46,1.10460,4.03,120.0,437.81,tp 1.10460,0.7
EURUSD,3,SELL,2019.10.09 00:00,1.09560,2019.12.30 03:43,1.11944,2.13,-2384.0,-4693.77,sl 1.11944,82.2
EURUSD,3,SELL,2019.12.09 00:01,1.10574,2019.12.30 03:43,1.11944,4.39,-1370.0,-5455.58,sl 1.11944,21.2
EURUSD,3,SELL,2020.01.03 00:00,1.11722,2020.01.03 09:20,1.11601,5.00,121.0,542.11,tp 1.11602,0.4
EURUSD,3,SELL,2020.01.08 00:00,1.11529,2020.01.08 10:13,1.11407,5.00,122.0,547.54,tp 1.11409,0.4
EURUSD,0,SELL,2020.01.09 00:00,1.11053,2020.01.10 12:51,1.10903,5.00,150.0,671.77,tp 1.10903,1.5
EURUSD,0,SELL,2020.01.17 00:00,1.11352,2020.01.17 12:29,1.11202,5.00,150.0,674.45,tp 1.11202,0.5
EURUSD,3,SELL,2020.01.24 00:00,1.10542,2020.01.24 11:42,1.10422,4.93,120.0,535.76,tp 1.10422,0.5
EURUSD,3,SELL,2020.02.05 00:00,1.10436,2020.02.05 11:35,1.10314,5.00,122.0,552.97,tp 1.10316,0.5
EURUSD,0,SELL,2020.03.18 00:00,1.10061,2020.03.18 02:59,1.09911,4.98,150.0,679.64,tp 1.09911,0.1
EURUSD,1,BUY,2020.03.30 00:02,1.11251,2020.03.30 00:11,1.11116,5.00,-135.0,-607.47,sl 1.11129,0.0
EURUSD,0,SELL,2020.03.31 00:00,1.10414,2020.03.31 00:28,1.10252,5.00,162.0,734.68,tp 1.10264,0.0
EURUSD,3,SELL,2020.04.01 00:00,1.10299,2020.04.01 04:30,1.10179,5.00,120.0,544.57,tp 1.10179,0.2
EURUSD,3,SELL,2020.04.16 00:00,1.09076,2020.04.16 03:22,1.08956,3.28,120.0,361.25,tp 1.08956,0.1
EURUSD,0,SELL,2020.04.17 00:00,1.08386,2020.04.17 10:40,1.08236,2.41,150.0,333.99,tp 1.08236,0.4
EURUSD,3,SELL,2020.05.05 00:00,1.09054,2020.05.05 10:00,1.08933,3.55,121.0,394.32,tp 1.08934,0.4
EURUSD,0,SELL,2020.05.06 00:00,1.08397,2020.05.06 09:09,1.08247,2.63,150.0,364.44,tp 1.08247,0.4
EURUSD,3,SELL,2020.05.12 00:00,1.08038,2020.05.12 03:24,1.07917,2.34,121.0,262.37,tp 1.07918,0.1
EURUSD,3,SELL,2020.05.14 00:00,1.08167,2020.05.14 08:38,1.08045,2.49,122.0,281.16,tp 1.08047,0.4
EURUSD,3,SELL,2020.05.25 00:03,1.08953,2020.05.25 09:10,1.08832,3.81,121.0,423.60,tp 1.08833,0.4
EURUSD,5,BUY,2020.06.16 00:00,1.13237,2020.06.16 03:00,1.13388,2.43,151.0,323.61,tp 1.13387,0.1
EURUSD,4,BUY,2020.06.23 00:00,1.12613,2020.06.23 02:47,1.12763,3.33,150.0,442.96,tp 1.12763,0.1
EURUSD,5,BUY,2020.06.24 00:00,1.13084,2020.06.24 04:24,1.13234,2.70,150.0,357.67,tp 1.13234,0.2
EURUSD,5,BUY,2020.06.30 00:00,1.12414,2020.06.30 18:15,1.12565,3.69,151.0,494.99,tp 1.12564,0.8
EURUSD,5,BUY,2020.07.02 00:00,1.12515,2020.07.02 07:42,1.12666,3.51,151.0,470.43,tp 1.12665,0.3
EURUSD,5,BUY,2020.07.06 00:04,1.12483,2020.07.06 03:21,1.12633,3.60,150.0,479.43,tp 1.12633,0.1
EURUSD,4,BUY,2020.07.07 00:00,1.13092,2020.07.07 03:24,1.13242,2.76,150.0,365.59,tp 1.13242,0.1
EURUSD,5,BUY,2020.08.14 00:00,1.18132,2020.08.14 15:35,1.18282,0.99,150.0,125.55,tp 1.18282,0.6
EURUSD,4,BUY,2020.08.26 00:00,1.18350,2020.08.27 16:06,1.18501,1.04,151.0,130.67,tp 1.18500,1.7
EURUSD,5,BUY,2020.08.31 00:05,1.19050,2020.08.31 02:56,1.19200,0.96,150.0,120.81,tp 1.19200,0.1
EURUSD,4,BUY,2020.09.14 00:05,1.18381,2020.09.14 08:53,1.18531,1.11,150.0,140.47,tp 1.18531,0.4
EURUSD,5,BUY,2020.09.14 00:05,1.18381,2020.09.14 08:53,1.18531,1.11,150.0,140.47,tp 1.18531,0.4
EURUSD,4,BUY,2020.09.18 00:00,1.18481,2020.09.18 09:55,1.18631,1.12,150.0,141.62,tp 1.18631,0.4
EURUSD,5,BUY,2020.09.18 00:00,1.18481,2020.09.18 09:55,1.18631,1.12,150.0,141.62,tp 1.18631,0.4
EURUSD,5,BUY,2020.09.30 00:00,1.17436,2020.10.01 14:16,1.17586,1.39,150.0,174.83,tp 1.17586,1.6
EURUSD,4,BUY,2020.10.06 00:00,1.17834,2020.10.06 06:33,1.17984,1.31,150.0,166.55,tp 1.17984,0.3
EURUSD,4,BUY,2020.10.08 00:00,1.17634,2020.10.08 09:03,1.17785,1.39,151.0,178.20,tp 1.17784,0.4
EURUSD,4,BUY,2020.10.20 00:00,1.17696,2020.10.20 11:21,1.17846,1.41,150.0,179.47,tp 1.17846,0.5
EURUSD,5,BUY,2020.10.20 00:00,1.17696,2020.10.20 11:21,1.17846,1.41,150.0,179.47,tp 1.17846,0.5
EURUSD,4,BUY,2020.10.12 00:05,1.18178,2020.10.20 17:18,1.18328,1.28,150.0,156.16,tp 1.18328,8.7
EURUSD,1,BUY,2020.11.06 00:00,1.18278,2020.11.06 01:49,1.18432,1.38,154.0,179.44,tp 1.18428,0.1
EURUSD,4,BUY,2020.11.06 00:00,1.18278,2020.11.06 01:49,1.18432,1.38,154.0,179.44,tp 1.18428,0.1
EURUSD,5,BUY,2020.11.06 00:00,1.18278,2020.11.06 01:49,1.18432,1.38,154.0,179.44,tp 1.18428,0.1
EURUSD,5,BUY,2020.12.29 00:00,1.22174,2020.12.29 02:34,1.22324,0.95,150.0,116.49,tp 1.22324,0.1
EURUSD,5,BUY,2021.01.05 00:00,1.22468,2021.01.05 03:16,1.22620,0.97,152.0,120.24,tp 1.22618,0.1
EURUSD,5,BUY,2021.01.22 00:00,1.21594,2021.01.22 02:14,1.21744,1.18,150.0,145.39,tp 1.21744,0.1
EURUSD,1,BUY,2021.02.08 00:02,1.20454,2021.02.08 16:41,1.20605,1.53,151.0,191.56,tp 1.20604,0.7
EURUSD,4,BUY,2021.02.10 00:00,1.21179,2021.02.10 09:32,1.21330,1.35,151.0,168.01,tp 1.21329,0.4
EURUSD,5,BUY,2021.02.10 00:00,1.21179,2021.02.10 09:32,1.21330,1.35,151.0,168.01,tp 1.21329,0.4
EURUSD,4,BUY,2021.02.22 00:03,1.21187,2021.02.22 03:19,1.21337,1.46,150.0,180.49,tp 1.21337,0.1
EURUSD,5,BUY,2021.02.22 00:03,1.21187,2021.02.22 03:19,1.21337,1.46,150.0,180.49,tp 1.21337,0.1
EURUSD,1,BUY,2021.03.03 00:00,1.20907,2021.03.03 09:41,1.21058,1.65,151.0,205.81,tp 1.21057,0.4
EURUSD,5,BUY,2021.03.18 00:00,1.19807,2021.04.19 10:48,1.19958,2.30,151.0,248.77,tp 1.19957,32.5
EURUSD,5,BUY,2021.03.12 00:00,1.19862,2021.04.19 10:48,1.20012,2.21,150.0,229.31,tp 1.20012,38.5
EURUSD,1,BUY,2021.04.26 00:05,1.20928,2021.04.26 04:03,1.21078,2.28,150.0,282.46,tp 1.21078,0.2
EURUSD,1,BUY,2021.05.04 00:00,1.20640,2021.05.07 10:14,1.20791,2.75,151.0,335.77,tp 1.20790,3.4
EURUSD,1,BUY,2021.05.07 00:00,1.20651,2021.05.07 10:14,1.20802,2.86,151.0,357.49,tp 1.20801,0.4
EURUSD,4,BUY,2021.05.07 00:00,1.20651,2021.05.07 10:14,1.20802,2.86,151.0,357.49,tp 1.20801,0.4
EURUSD,5,BUY,2021.05.17 00:02,1.21477,2021.05.17 13:12,1.21627,2.47,150.0,304.62,tp 1.21627,0.5
EURUSD,5,BUY,2021.06.01 00:00,1.22282,2021.06.01 17:00,1.22433,2.31,151.0,284.90,tp 1.22432,0.7
EURUSD,4,BUY,2021.06.08 00:00,1.21901,2021.06.09 16:13,1.22051,2.76,150.0,337.61,tp 1.22051,1.7
EURUSD,2,SELL,2021.06.21 00:02,1.18550,2021.07.01 08:17,1.18429,4.96,121.0,456.78,tp 1.18430,10.3
EURUSD,3,SELL,2021.07.07 00:00,1.18235,2021.07.07 16:09,1.18115,5.00,120.0,507.98,tp 1.18115,0.7
EURUSD,3,SELL,2021.07.14 00:00,1.17761,2021.07.19 15:15,1.17641,5.00,120.0,488.89,tp 1.17641,5.6
EURUSD,3,SELL,2021.08.04 00:00,1.18631,2021.08.04 11:27,1.18511,5.00,120.0,506.28,tp 1.18511,0.5
EURUSD,0,SELL,2021.08.09 00:05,1.17568,2021.08.09 18:01,1.17418,4.30,150.0,549.32,tp 1.17418,0.7
EURUSD,3,SELL,2021.08.18 00:00,1.17088,2021.08.18 18:26,1.16968,3.49,120.0,358.05,tp 1.16968,0.8
EURUSD,3,SELL,2021.08.27 00:00,1.17514,2021.08.27 16:11,1.17391,4.28,123.0,448.45,tp 1.17394,0.7
EURUSD,3,SELL,2021.09.08 00:00,1.18356,2021.09.08 11:20,1.18236,5.00,120.0,507.46,tp 1.18236,0.5
EURUSD,0,SELL,2021.09.17 00:00,1.17675,2021.09.17 16:52,1.17525,4.81,150.0,613.91,tp 1.17525,0.7
EURUSD,3,SELL,2021.09.28 00:00,1.16940,2021.09.28 09:26,1.16820,3.46,120.0,355.42,tp 1.16820,0.4
EURUSD,3,SELL,2021.10.07 00:00,1.15538,2021.10.08 08:59,1.15418,2.26,120.0,233.01,tp 1.15418,1.4
EURUSD,3,SELL,2021.10.12 00:00,1.15522,2021.10.12 15:35,1.15399,2.25,123.0,239.82,tp 1.15402,0.6
EURUSD,3,SELL,2021.10.22 00:00,1.16197,2021.10.25 14:41,1.16077,2.77,120.0,283.98,tp 1.16077,3.6
EURUSD,3,SELL,2021.10.26 00:00,1.16076,2021.10.26 10:28,1.15956,2.71,120.0,280.45,tp 1.15956,0.4
EURUSD,0,SELL,2021.10.27 00:00,1.15955,2021.10.29 17:52,1.15805,2.63,150.0,331.61,tp 1.15805,2.7
EURUSD,3,SELL,2021.11.01 00:00,1.15626,2021.11.01 05:57,1.15506,2.41,120.0,250.38,tp 1.15506,0.2
EURUSD,0,SELL,2021.11.01 00:00,1.15626,2021.11.01 06:22,1.15475,2.41,151.0,315.14,tp 1.15476,0.3
EURUSD,0,SELL,2021.11.03 00:00,1.15770,2021.11.04 10:04,1.15619,2.53,151.0,323.89,tp 1.15620,1.4
EURUSD,3,SELL,2021.11.05 00:00,1.15537,2021.11.05 04:50,1.15417,2.39,120.0,248.49,tp 1.15417,0.2
EURUSD,0,SELL,2021.11.05 00:00,1.15537,2021.11.05 12:03,1.15387,2.39,150.0,310.69,tp 1.15387,0.5
EURUSD,3,SELL,2021.11.11 00:00,1.14774,2021.11.11 05:03,1.14654,2.03,120.0,212.47,tp 1.14654,0.2
EURUSD,3,SELL,2021.11.22 00:03,1.12884,2021.11.22 01:19,1.12764,1.45,120.0,154.30,tp 1.12764,0.1
EURUSD,3,SELL,2021.12.03 00:00,1.12996,2021.12.03 08:51,1.12874,1.52,122.0,164.29,tp 1.12876,0.4
EURUSD,3,SELL,2021.12.10 00:00,1.12919,2021.12.10 12:13,1.12798,1.54,121.0,165.20,tp 1.12799,0.5
EURUSD,0,SELL,2021.12.10 00:00,1.12919,2021.12.10 12:27,1.12769,1.54,150.0,204.84,tp 1.12769,0.5
EURUSD,3,SELL,2021.12.14 00:00,1.12807,2021.12.14 10:03,1.12687,1.54,120.0,163.99,tp 1.12687,0.4
EURUSD,0,SELL,2021.12.14 00:00,1.12807,2021.12.14 20:43,1.12657,1.54,150.0,205.05,tp 1.12657,0.9
EURUSD,3,SELL,2021.12.29 00:00,1.13079,2021.12.29 10:02,1.12959,1.69,120.0,179.53,tp 1.12959,0.4
EURUSD,3,SELL,2021.12.31 00:00,1.13244,2021.12.31 07:58,1.13124,1.77,120.0,187.76,tp 1.13124,0.3
EURUSD,3,SELL,2022.01.04 00:00,1.12961,2022.01.04 09:34,1.12841,1.71,120.0,181.85,tp 1.12841,0.4
EURUSD,0,SELL,2022.01.04 00:00,1.12961,2022.01.04 13:26,1.12810,1.72,151.0,230.23,tp 1.12811,0.6
EURUSD,3,SELL,2022.01.17 00:02,1.14117,2022.01.17 14:57,1.13997,2.23,120.0,234.74,tp 1.13997,0.6
EURUSD,0,SELL,2022.01.19 00:00,1.13249,2022.01.20 22:39,1.13099,1.94,150.0,252.17,tp 1.13099,1.9
EURUSD,3,SELL,2022.01.25 00:00,1.13226,2022.01.25 04:47,1.13105,1.99,121.0,212.89,tp 1.13106,0.2
EURUSD,0,SELL,2022.01.07 00:00,1.12960,2022.01.25 12:48,1.12809,1.76,151.0,210.84,tp 1.12810,18.5
EURUSD,3,SELL,2021.12.20 00:02,1.12356,2022.01.27 05:26,1.12233,1.47,123.0,109.23,tp 1.12236,38.2
EURUSD,0,SELL,2021.12.20 00:02,1.12356,2022.01.27 06:47,1.12205,1.47,151.0,145.96,tp 1.12206,38.3
EURUSD,3,SELL,2022.02.09 00:00,1.14127,2022.02.10 15:38,1.14006,2.86,121.0,296.04,tp 1.14007,1.7
EURUSD,3,SELL,2022.02.14 00:02,1.13376,2022.02.14 10:28,1.13256,2.42,120.0,256.41,tp 1.13256,0.4
EURUSD,3,SELL,2022.02.21 00:02,1.13145,2022.02.22 01:14,1.13024,2.34,121.0,248.44,tp 1.13025,1.1
EURUSD,0,SELL,2022.02.21 00:02,1.13145,2022.02.22 01:20,1.12994,2.35,151.0,311.96,tp 1.12995,1.1
EURUSD,0,SELL,2022.02.15 00:00,1.13032,2022.02.22 05:39,1.12882,2.24,150.0,283.85,tp 1.12882,7.2
EURUSD,3,SELL,2022.03.14 00:00,1.09155,2022.03.14 04:35,1.09035,1.28,120.0,140.87,tp 1.09035,0.2
EURUSD,3,SELL,2022.03.22 00:00,1.10176,2022.03.22 02:28,1.10056,1.48,120.0,161.37,tp 1.10056,0.1
EURUSD,3,SELL,2022.04.01 00:00,1.10656,2022.04.01 09:09,1.10536,1.69,120.0,183.47,tp 1.10536,0.4
EURUSD,0,SELL,2022.04.05 00:00,1.09688,2022.04.05 17:14,1.09530,1.47,158.0,212.05,tp 1.09538,0.7
EURUSD,3,SELL,2022.04.13 00:00,1.08256,2022.04.13 03:44,1.08136,1.23,120.0,136.49,tp 1.08136,0.2
EURUSD,3,SELL,2022.04.15 00:00,1.08278,2022.04.15 02:36,1.08158,1.23,120.0,136.47,tp 1.08158,0.1
EURUSD,3,SELL,2022.04.25 00:05,1.08071,2022.04.25 04:33,1.07951,1.25,120.0,138.95,tp 1.07951,0.2
EURUSD,3,SELL,2022.05.06 00:00,1.05413,2022.05.06 04:21,1.05293,0.97,120.0,110.55,tp 1.05293,0.2
EURUSD,3,SELL,2022.06.01 00:00,1.07320,2022.06.01 04:30,1.07200,1.36,120.0,152.24,tp 1.07200,0.2
EURUSD,3,SELL,2022.06.07 00:00,1.06950,2022.06.07 03:33,1.06830,1.34,120.0,150.52,tp 1.06830,0.1
EURUSD,3,SELL,2022.06.10 00:00,1.06142,2022.06.10 12:17,1.06022,1.23,120.0,139.22,tp 1.06022,0.5
EURUSD,0,SELL,2022.06.10 00:00,1.06142,2022.06.10 12:18,1.05990,1.23,152.0,176.39,tp 1.05992,0.5
EURUSD,3,SELL,2022.05.19 00:00,1.04609,2022.06.13 14:52,1.04489,0.93,120.0,86.77,tp 1.04489,25.6
EURUSD,3,SELL,2022.06.24 00:00,1.05225,2022.06.28 17:38,1.05105,1.18,120.0,132.49,tp 1.05105,4.7
EURUSD,3,SELL,2022.06.29 00:00,1.05170,2022.06.29 07:50,1.05050,1.21,120.0,138.22,tp 1.05050,0.3
EURUSD,3,SELL,2022.07.25 00:02,1.02116,2022.07.25 02:59,1.01996,0.96,120.0,112.95,tp 1.01996,0.1
EURUSD,3,SELL,2022.07.27 00:00,1.01134,2022.07.27 19:22,1.01014,0.86,120.0,102.16,tp 1.01014,0.8
EURUSD,3,SELL,2022.08.03 00:00,1.01653,2022.08.03 03:22,1.01533,0.93,120.0,109.92,tp 1.01533,0.1
EURUSD,3,SELL,2022.08.15 00:03,1.02545,2022.08.15 05:44,1.02425,1.09,120.0,127.70,tp 1.02425,0.2
EURUSD,3,SELL,2022.08.08 00:03,1.01711,2022.08.15 21:09,1.01590,0.96,121.0,107.79,tp 1.01591,7.9
EURUSD,0,SELL,2022.08.16 00:01,1.01579,2022.08.16 10:07,1.01429,0.98,150.0,144.93,tp 1.01429,0.4
EURUSD,3,SELL,2022.08.29 00:02,0.99645,2022.08.29 01:03,0.99525,0.86,120.0,103.69,tp 0.99525,0.0
EURUSD,3,SELL,2022.09.02 00:00,0.99442,2022.09.05 00:05,0.99302,0.85,140.0,118.99,tp 0.99322,3.0
EURUSD,3,SELL,2022.09.14 00:00,0.99674,2022.09.14 01:07,0.99553,0.92,121.0,111.82,tp 0.99554,0.0
EURUSD,0,SELL,2022.09.14 00:00,0.99674,2022.09.16 10:48,0.99521,0.92,153.0,137.76,tp 0.99524,2.5
EURUSD,3,SELL,2022.09.21 00:00,0.99697,2022.09.21 03:41,0.99577,0.96,120.0,115.69,tp 0.99577,0.2
EURUSD,0,SELL,2022.09.21 00:00,0.99697,2022.09.21 08:58,0.99547,0.96,150.0,144.66,tp 0.99547,0.4
EURUSD,0,SELL,2022.10.06 00:00,0.98747,2022.10.06 14:48,0.98597,0.95,150.0,144.53,tp 0.98597,0.6
EURUSD,3,SELL,2022.10.07 00:00,0.97879,2022.10.07 09:24,0.97759,0.87,120.0,106.79,tp 0.97759,0.4
EURUSD,3,SELL,2022.10.20 00:00,0.97713,2022.10.20 03:04,0.97593,0.90,120.0,110.66,tp 0.97593,0.1
EURUSD,3,SELL,2022.10.17 00:02,0.97184,2022.10.21 15:34,0.97063,0.84,121.0,99.58,tp 0.97064,4.6
EURUSD,3,SELL,2022.10.28 00:00,0.99631,2022.10.28 10:15,0.99508,1.18,123.0,145.86,tp 0.99511,0.4
EURUSD,0,SELL,2022.11.03 00:00,0.98149,2022.11.03 09:13,0.97999,1.04,150.0,159.19,tp 0.97999,0.4
EURUSD,3,SELL,2022.11.10 00:00,1.00094,2022.11.10 09:58,0.99974,1.39,120.0,166.84,tp 0.99974,0.4
EURUSD,3,SELL,2022.11.21 00:02,1.03195,2022.11.21 03:17,1.03074,3.03,121.0,355.70,tp 1.03075,0.1
EURUSD,3,SELL,2022.11.29 00:00,1.03368,2022.11.29 21:50,1.03248,3.60,120.0,418.41,tp 1.03248,0.9
EURUSD,3,SELL,2022.12.07 00:00,1.04641,2022.12.07 08:10,1.04521,5.00,120.0,574.05,tp 1.04521,0.3
EURUSD,5,BUY,2022.12.27 00:00,1.06387,2022.12.27 04:01,1.06538,5.00,151.0,708.67,tp 1.06537,0.2
EURUSD,5,BUY,2022.12.30 00:00,1.06639,2022.12.30 13:06,1.06790,5.00,151.0,707.00,tp 1.06789,0.5
EURUSD,4,BUY,2023.01.09 00:02,1.06441,2023.01.09 01:54,1.06591,5.00,150.0,703.62,tp 1.06591,0.1
EURUSD,5,BUY,2023.01.09 00:02,1.06441,2023.01.09 01:54,1.06591,5.00,150.0,703.62,tp 1.06591,0.1
EURUSD,5,BUY,2023.02.02 00:00,1.09935,2023.02.02 01:10,1.10085,2.00,150.0,272.52,tp 1.10085,0.0
EURUSD,1,BUY,2023.02.28 00:01,1.06099,2023.02.28 11:02,1.06250,5.00,151.0,710.59,tp 1.06249,0.5
EURUSD,5,BUY,2023.03.06 00:02,1.06310,2023.03.06 04:49,1.06460,5.00,150.0,704.49,tp 1.06460,0.2
EURUSD,5,BUY,2023.03.02 00:01,1.06698,2023.03.06 17:18,1.06849,4.38,151.0,613.22,tp 1.06848,4.7
EURUSD,4,BUY,2023.03.07 00:01,1.06833,2023.03.10 17:40,1.06983,4.18,150.0,572.21,tp 1.06983,3.7
EURUSD,1,BUY,2023.03.13 00:00,1.06949,2023.03.13 04:32,1.07099,3.94,150.0,551.83,tp 1.07099,0.2
EURUSD,4,BUY,2023.03.13 00:00,1.06949,2023.03.13 04:32,1.07099,3.94,150.0,551.83,tp 1.07099,0.2
EURUSD,1,BUY,2023.03.20 00:00,1.06884,2023.03.20 13:55,1.07035,3.99,151.0,562.89,tp 1.07034,0.6
EURUSD,4,BUY,2023.03.20 00:00,1.06884,2023.03.20 13:55,1.07035,3.98,151.0,561.48,tp 1.07034,0.6
EURUSD,5,BUY,2023.04.12 00:01,1.09137,2023.04.12 04:40,1.09288,2.17,151.0,299.82,tp 1.09287,0.2
EURUSD,5,BUY,2023.04.19 00:01,1.09743,2023.04.20 17:08,1.09898,1.99,155.0,276.86,tp 1.09893,1.7
EURUSD,5,BUY,2023.04.27 00:01,1.10399,2023.04.27 07:37,1.10550,1.82,151.0,248.59,tp 1.10549,0.3
EURUSD,5,BUY,2023.05.04 00:01,1.10629,2023.05.04 01:07,1.10783,1.80,154.0,250.22,tp 1.10779,0.0
EURUSD,5,BUY,2023.05.08 00:01,1.10271,2023.05.08 07:35,1.10421,1.93,150.0,262.18,tp 1.10421,0.3
EURUSD,5,BUY,2023.06.02 00:01,1.07631,2023.06.02 09:10,1.07781,3.64,150.0,506.58,tp 1.07781,0.4
EURUSD,4,BUY,2023.06.09 00:01,1.07838,2023.06.13 10:22,1.07988,3.37,150.0,463.73,tp 1.07988,4.4
EURUSD,5,BUY,2023.06.09 00:01,1.07838,2023.06.13 10:22,1.07988,3.37,150.0,463.73,tp 1.07988,4.4
EURUSD,4,BUY,2023.06.14 00:01,1.07937,2023.06.14 12:33,1.08087,3.35,150.0,464.90,tp 1.08087,0.5
EURUSD,1,BUY,2023.06.15 00:01,1.08321,2023.06.15 12:38,1.08471,3.04,150.0,420.39,tp 1.08471,0.5
EURUSD,1,BUY,2023.07.07 00:00,1.08903,2023.07.07 15:30,1.09053,2.81,150.0,386.51,tp 1.09053,0.6
EURUSD,4,BUY,2023.07.07 00:00,1.08903,2023.07.07 15:30,1.09053,2.80,150.0,385.13,tp 1.09053,0.6
EURUSD,5,BUY,2023.06.28 00:00,1.09615,2023.07.10 17:04,1.09765,2.34,150.0,301.73,tp 1.09765,12.7
EURUSD,5,BUY,2023.07.10 00:00,1.09691,2023.07.10 18:34,1.09841,2.45,150.0,334.57,tp 1.09841,0.8
EURUSD,5,BUY,2023.08.07 00:02,1.10234,2023.08.10 15:30,1.10384,2.56,150.0,339.71,tp 1.10384,3.6
EURUSD,5,BUY,2023.08.11 00:00,1.09817,2023.08.11 04:51,1.09967,2.91,150.0,396.94,tp 1.09967,0.2
EURUSD,5,BUY,2023.08.30 00:00,1.08805,2023.08.30 15:15,1.08955,4.47,150.0,615.39,tp 1.08955,0.6
EURUSD,1,BUY,2023.08.31 00:00,1.09243,2023.08.31 04:34,1.09394,3.88,151.0,535.57,tp 1.09393,0.2
EURUSD,4,BUY,2023.08.31 00:00,1.09243,2023.08.31 04:34,1.09394,3.87,151.0,534.19,tp 1.09393,0.2
EURUSD,5,BUY,2023.09.13 00:00,1.07547,2023.09.14 19:22,1.06454,5.00,-1093.0,-5143.46,sl 1.06454,1.8
EURUSD,2,SELL,2023.09.15 00:00,1.06426,2023.09.21 03:49,1.06305,4.54,121.0,491.23,tp 1.06306,6.2
EURUSD,2,SELL,2023.09.22 00:00,1.06580,2023.09.22 04:21,1.06460,5.00,120.0,563.59,tp 1.06460,0.2
EURUSD,3,SELL,2023.10.03 00:00,1.04770,2023.10.03 03:09,1.04649,5.00,121.0,578.12,tp 1.04650,0.1
EURUSD,3,SELL,2023.10.13 00:00,1.05280,2023.10.13 13:33,1.05159,5.00,121.0,575.32,tp 1.05160,0.6
EURUSD,0,SELL,2023.10.13 00:00,1.05280,2023.10.13 17:00,1.05126,5.00,154.0,732.45,tp 1.05130,0.7
EURUSD,3,SELL,2023.10.19 00:00,1.05363,2023.10.26 15:30,1.05220,5.00,143.0,646.48,tp 1.05243,7.6
EURUSD,3,SELL,2023.11.01 00:00,1.05769,2023.11.01 09:39,1.05648,5.00,121.0,572.66,tp 1.05649,0.4
EURUSD,0,SELL,2023.10.19 00:00,1.05363,2023.11.01 20:42,1.05213,5.00,150.0,660.89,tp 1.05213,13.9
EURUSD,0,SELL,2023.11.02 00:00,1.05683,2023.11.06 10:35,1.07525,5.00,-1842.0,-8574.82,sl 1.07524,4.4
EURUSD,3,SELL,2023.11.09 00:00,1.07060,2023.11.09 10:28,1.06940,5.00,120.0,561.06,tp 1.06940,0.4
EURUSD,1,BUY,2023.11.15 00:00,1.08794,2023.11.16 17:26,1.08945,5.00,151.0,683.33,tp 1.08944,1.7
EURUSD,4,BUY,2023.12.14 00:00,1.08751,2023.12.14 02:30,1.08901,5.00,150.0,688.70,tp 1.08901,0.1
EURUSD,5,BUY,2023.12.14 00:00,1.08751,2023.12.14 02:30,1.08901,5.00,150.0,688.70,tp 1.08901,0.1
EURUSD,4,BUY,2024.01.05 00:00,1.09467,2024.01.05 17:00,1.09633,5.00,166.0,757.07,tp 1.09617,0.7
EURUSD,4,BUY,2024.01.11 00:00,1.09730,2024.01.11 08:42,1.09880,5.00,150.0,682.56,tp 1.09880,0.4
EURUSD,5,BUY,2024.01.11 00:00,1.09730,2024.01.11 08:42,1.09880,5.00,150.0,682.56,tp 1.09880,0.4
EURUSD,3,SELL,2024.02.01 00:00,1.08173,2024.02.01 01:56,1.08053,5.00,120.0,555.28,tp 1.08053,0.1
EURUSD,5,BUY,2024.02.02 00:00,1.08730,2024.02.02 10:13,1.08880,5.00,150.0,688.83,tp 1.08880,0.4
EURUSD,2,SELL,2024.02.05 00:00,1.07818,2024.02.05 02:32,1.07697,5.00,121.0,561.76,tp 1.07698,0.1
EURUSD,3,SELL,2024.02.05 00:00,1.07818,2024.02.05 02:32,1.07697,5.00,121.0,561.76,tp 1.07698,0.1
EURUSD,3,SELL,2024.02.13 00:00,1.07712,2024.02.13 11:10,1.07592,5.00,120.0,557.66,tp 1.07592,0.5
EURUSD,1,BUY,2024.02.27 00:00,1.08524,2024.02.28 05:50,1.08325,5.00,-199.0,-921.76,sl 1.08325,1.2
EURUSD,3,SELL,2024.03.01 00:00,1.08045,2024.03.01 17:21,1.08344,5.00,-299.0,-1379.86,sl 1.08340,0.7
EURUSD,5,BUY,2024.03.04 00:01,1.08420,2024.03.04 00:01,1.08345,5.00,-75.0,-346.12,sl 1.08347,0.0
EURUSD,2,SELL,2024.03.01 00:00,1.08045,2024.03.04 16:52,1.08597,5.00,-552.0,-2546.12,sl 1.08595,3.7
EURUSD,1,BUY,2024.03.07 00:00,1.08993,2024.03.07 16:55,1.09150,5.00,157.0,719.19,tp 1.09143,0.7
EURUSD,1,BUY,2024.03.21 00:00,1.09206,2024.03.21 01:39,1.09356,5.00,150.0,685.83,tp 1.09356,0.1
EURUSD,4,BUY,2024.03.21 00:00,1.09206,2024.03.21 01:39,1.09356,5.00,150.0,685.83,tp 1.09356,0.1
EURUSD,2,SELL,2024.03.25 00:00,1.08062,2024.03.28 10:05,1.07941,5.00,121.0,537.41,tp 1.07942,3.4
EURUSD,3,SELL,2024.03.29 00:00,1.07872,2024.03.29 04:05,1.07751,5.00,121.0,561.48,tp 1.07752,0.2
EURUSD,4,BUY,2024.04.09 00:00,1.08600,2024.04.09 15:40,1.08750,5.00,150.0,689.66,tp 1.08750,0.7
EURUSD,2,SELL,2024.04.11 00:00,1.07415,2024.04.11 09:57,1.07294,5.00,121.0,563.87,tp 1.07295,0.4
EURUSD,0,SELL,2024.04.11 00:00,1.07415,2024.04.11 13:15,1.07265,5.00,150.0,699.20,tp 1.07265,0.6
EURUSD,3,SELL,2024.04.23 00:00,1.06521,2024.04.23 09:16,1.06401,5.00,120.0,563.90,tp 1.06401,0.4
EURUSD,3,SELL,2024.04.29 00:01,1.06940,2024.04.30 19:04,1.06820,5.00,120.0,557.03,tp 1.06820,1.8
EURUSD,3,SELL,2024.05.01 00:00,1.06650,2024.05.01 09:46,1.06529,5.00,121.0,567.92,tp 1.06530,0.4
EURUSD,3,SELL,2024.05.09 00:00,1.07476,2024.05.09 10:38,1.07356,5.00,120.0,558.89,tp 1.07356,0.4
EURUSD,5,BUY,2024.05.28 00:00,1.08605,2024.05.28 05:20,1.08755,5.00,150.0,689.62,tp 1.08755,0.2
EURUSD,0,SELL,2024.05.30 00:00,1.08003,2024.05.30 15:30,1.08220,5.00,-217.0,-1002.59,sl 1.08219,0.6
EURUSD,3,SELL,2024.05.30 00:00,1.08003,2024.05.30 15:30,1.08220,5.00,-217.0,-1002.59,sl 1.08219,0.6
EURUSD,4,BUY,2024.05.31 00:00,1.08327,2024.05.31 04:50,1.08222,5.00,-105.0,-485.11,sl 1.08222,0.2
EURUSD,5,BUY,2024.06.03 00:00,1.08520,2024.06.03 17:00,1.08672,5.00,152.0,699.35,tp 1.08670,0.7
EURUSD,2,SELL,2024.06.10 00:00,1.07740,2024.06.10 06:46,1.07620,5.00,120.0,557.52,tp 1.07620,0.3
EURUSD,0,SELL,2024.06.10 00:00,1.07740,2024.06.10 06:55,1.07590,5.00,150.0,697.09,tp 1.07590,0.3
EURUSD,3,SELL,2024.06.14 00:00,1.07358,2024.06.14 09:35,1.07238,5.00,120.0,559.50,tp 1.07238,0.4
EURUSD,3,SELL,2024.06.21 00:00,1.07012,2024.06.21 10:30,1.06889,5.00,123.0,575.36,tp 1.06892,0.4
EURUSD,3,SELL,2024.06.27 00:00,1.06787,2024.07.03 17:13,1.08142,5.00,-1355.0,-6283.57,sl 1.08142,6.7
EURUSD,4,BUY,2024.08.05 00:00,1.09250,2024.08.05 10:22,1.09401,5.00,151.0,690.12,tp 1.09400,0.4
EURUSD,5,BUY,2024.08.05 00:00,1.09250,2024.08.05 10:22,1.09401,5.00,151.0,690.12,tp 1.09400,0.4
EURUSD,4,BUY,2024.09.05 00:00,1.10847,2024.09.05 11:26,1.10998,4.32,151.0,587.69,tp 1.10997,0.5
EURUSD,5,BUY,2024.09.06 00:00,1.11121,2024.09.06 15:30,1.11271,4.03,150.0,543.27,tp 1.11271,0.6
EURUSD,5,BUY,2024.09.13 00:00,1.10746,2024.09.13 05:28,1.10896,4.76,150.0,643.85,tp 1.10896,0.2
EURUSD,4,BUY,2024.09.17 00:00,1.11324,2024.09.18 21:00,1.11476,3.94,152.0,534.75,tp 1.11474,1.9
EURUSD,2,SELL,2024.10.17 00:01,1.08556,2024.10.17 15:30,1.08434,5.00,122.0,562.55,tp 1.08436,0.6
EURUSD,2,SELL,2024.10.22 00:00,1.08128,2024.10.22 21:42,1.08007,5.00,121.0,560.15,tp 1.08008,0.9
EURUSD,3,SELL,2024.10.22 00:00,1.08128,2024.10.22 21:42,1.08007,5.00,121.0,560.15,tp 1.08008,0.9
EURUSD,3,SELL,2024.10.28 00:00,1.07937,2024.10.29 14:37,1.07816,5.00,121.0,556.52,tp 1.07817,1.6
EURUSD,4,BUY,2024.11.01 00:00,1.08821,2024.11.01 07:26,1.08732,5.00,-89.0,-409.26,sl 1.08734,0.3
EURUSD,4,BUY,2024.11.05 00:00,1.08818,2024.11.05 00:01,1.08744,5.00,-74.0,-340.25,sl 1.08744,0.0
EURUSD,2,SELL,2024.11.04 00:00,1.08755,2024.11.06 02:32,1.08633,5.00,122.0,552.34,tp 1.08635,2.1
EURUSD,2,SELL,2024.11.07 00:00,1.07220,2024.11.08 18:59,1.07100,4.90,120.0,544.49,tp 1.07100,1.8
EURUSD,0,SELL,2024.11.07 00:00,1.07220,2024.11.08 19:02,1.07068,5.00,152.0,705.20,tp 1.07070,1.8
EURUSD,3,SELL,2024.11.21 00:00,1.05431,2024.11.21 09:30,1.05311,3.78,120.0,430.72,tp 1.05311,0.4
EURUSD,3,SELL,2024.12.03 00:01,1.04968,2024.12.03 03:50,1.04847,3.38,121.0,390.07,tp 1.04848,0.2
EURUSD,3,SELL,2024.12.10 00:00,1.05510,2024.12.10 10:59,1.05390,4.05,120.0,461.14,tp 1.05390,0.5
EURUSD,0,SELL,2024.12.11 00:00,1.05256,2024.12.11 09:10,1.05106,3.78,150.0,539.46,tp 1.05106,0.4
EURUSD,3,SELL,2024.12.18 00:00,1.04860,2024.12.18 17:51,1.04739,3.46,121.0,399.72,tp 1.04740,0.7
EURUSD,3,SELL,2024.12.25 00:00,1.03901,2024.12.30 17:49,1.03781,2.80,120.0,310.32,tp 1.03781,5.7
EURUSD,3,SELL,2024.12.31 00:00,1.04039,2024.12.31 14:57,1.03919,2.94,120.0,339.50,tp 1.03919,0.6
EURUSD,3,SELL,2025.01.09 00:00,1.03155,2025.01.09 08:07,1.03034,2.50,121.0,293.59,tp 1.03035,0.3
EURUSD,3,SELL,2025.01.29 00:00,1.04238,2025.01.29 11:05,1.04118,3.37,120.0,388.41,tp 1.04118,0.5
EURUSD,3,SELL,2025.01.20 00:01,1.02731,2025.02.03 00:01,1.02606,2.37,125.0,256.89,tp 1.02611,14.0
EURUSD,0,SELL,2025.02.04 00:00,1.03402,2025.02.04 00:01,1.03234,2.84,168.0,462.17,tp 1.03252,0.0
EURUSD,3,SELL,2025.02.10 00:00,1.02966,2025.02.10 00:01,1.02838,2.63,128.0,327.35,tp 1.02846,0.0
EURUSD,3,SELL,2025.02.19 00:00,1.04412,2025.02.19 11:58,1.04292,3.85,120.0,442.99,tp 1.04292,0.5
EURUSD,3,SELL,2025.02.28 00:00,1.03927,2025.02.28 04:16,1.03807,3.46,120.0,399.97,tp 1.03807,0.2
EURUSD,0,SELL,2025.02.28 00:00,1.03927,2025.02.28 20:19,1.03777,3.47,150.0,501.56,tp 1.03777,0.8
EURUSD,0,SELL,2025.02.10 00:00,1.02966,2025.03.05 16:06,1.07399,2.64,-4433.0,-10954.98,sl 1.07399,23.7
EURUSD,4,BUY,2025.03.28 00:00,1.07985,2025.03.28 15:53,1.08135,5.00,150.0,693.58,tp 1.08135,0.7
EURUSD,4,BUY,2025.04.03 00:00,1.08531,2025.04.03 02:23,1.08683,5.00,152.0,699.28,tp 1.08681,0.1
EURUSD,5,BUY,2025.04.03 00:00,1.08531,2025.04.03 02:23,1.08683,5.00,152.0,699.28,tp 1.08681,0.1
EURUSD,5,BUY,2025.04.25 00:00,1.13961,2025.04.28 17:41,1.14112,1.92,151.0,252.89,tp 1.14111,3.7
EURUSD,5,BUY,2025.05.20 00:01,1.12403,2025.05.20 08:25,1.12554,2.67,151.0,358.20,tp 1.12553,0.4
EURUSD,4,BUY,2025.05.22 00:00,1.13354,2025.05.23 12:49,1.13505,2.32,151.0,307.20,tp 1.13504,1.5
EURUSD,5,BUY,2025.05.07 00:00,1.13733,2025.05.26 03:21,1.13886,2.14,153.0,262.19,tp 1.13883,19.1
EURUSD,5,BUY,2025.05.30 00:00,1.13753,2025.06.02 09:23,1.13904,2.26,151.0,298.21,tp 1.13903,3.4
EURUSD,5,BUY,2025.04.29 00:00,1.14257,2025.06.02 17:05,1.14407,1.95,150.0,214.50,tp 1.14407,34.7
EURUSD,5,BUY,2025.06.23 00:01,1.14592,2025.06.23 01:00,1.14742,2.15,150.0,281.07,tp 1.14742,0.0
EURUSD,5,BUY,2025.07.22 00:00,1.16937,2025.07.22 13:16,1.17087,1.70,150.0,217.79,tp 1.17087,0.6
EURUSD,4,BUY,2025.07.23 00:00,1.17561,2025.07.23 21:28,1.17711,1.61,150.0,205.16,tp 1.17711,0.9
EURUSD,5,BUY,2025.08.06 00:01,1.15773,2025.08.06 13:07,1.15924,2.13,151.0,277.45,tp 1.15923,0.5
EURUSD,1,BUY,2025.08.04 00:02,1.15962,2025.08.06 14:23,1.16113,2.09,151.0,269.28,tp 1.16112,2.6
EURUSD,4,BUY,2025.08.07 00:01,1.16620,2025.08.07 09:32,1.16770,1.90,150.0,244.07,tp 1.16770,0.4
EURUSD,4,BUY,2025.08.13 00:01,1.16798,2025.08.13 09:53,1.16948,1.90,150.0,243.70,tp 1.16948,0.4
EURUSD,5,BUY,2025.08.29 00:01,1.16874,2025.08.29 17:58,1.17024,1.93,150.0,247.39,tp 1.17024,0.7
EURUSD,4,BUY,2025.09.04 00:01,1.16644,2025.09.05 11:17,1.16795,2.01,151.0,258.66,tp 1.16794,1.5
EURUSD,4,BUY,2025.08.25 00:03,1.17256,2025.09.05 15:30,1.17406,1.84,150.0,220.71,tp 1.17406,11.6
EURUSD,5,BUY,2025.08.25 00:03,1.17256,2025.09.05 15:30,1.17406,1.83,150.0,219.51,tp 1.17406,11.6
EURUSD,4,BUY,2025.09.08 00:02,1.17150,2025.09.08 10:21,1.17300,1.95,150.0,249.36,tp 1.17300,0.4
EURUSD,5,BUY,2025.09.08 00:02,1.17150,2025.09.08 10:21,1.17300,1.95,150.0,249.36,tp 1.17300,0.4
EURUSD,5,BUY,2025.09.23 00:01,1.18046,2025.09.23 04:50,1.18197,1.80,151.0,229.96,tp 1.18196,0.2
EURUSD,5,BUY,2025.10.16 00:01,1.16476,2025.10.16 03:39,1.16626,2.39,150.0,307.39,tp 1.16626,0.2
EURUSD,1,BUY,2025.10.17 00:00,1.16897,2025.10.17 03:46,1.17047,2.27,150.0,290.91,tp 1.17047,0.2
EURUSD,5,BUY,2025.10.28 00:00,1.16484,2025.10.28 03:15,1.16635,2.52,151.0,326.25,tp 1.16634,0.1
EURUSD,5,BUY,2025.11.10 00:01,1.15638,2025.11.10 10:31,1.15789,3.04,151.0,396.45,tp 1.15788,0.4
EURUSD,4,BUY,2025.11.13 00:01,1.15938,2025.11.13 09:50,1.16088,2.97,150.0,383.76,tp 1.16088,0.4
EURUSD,4,BUY,2025.11.26 00:01,1.15731,2025.11.26 05:33,1.15881,3.38,150.0,437.52,tp 1.15881,0.2
EURUSD,5,BUY,2025.11.26 00:01,1.15731,2025.11.26 05:33,1.15881,3.38,150.0,437.52,tp 1.15881,0.2
EURUSD,4,BUY,2025.10.29 00:00,1.16532,2025.12.03 14:27,1.16683,2.53,151.0,273.82,tp 1.16682,35.6
EURUSD,1,BUY,2025.12.04 00:01,1.16719,2025.12.10 22:04,1.16869,3.01,150.0,379.09,tp 1.16869,6.9
EURUSD,1,BUY,2025.12.11 00:01,1.16961,2025.12.11 13:04,1.17112,3.03,151.0,390.68,tp 1.17111,0.5
EURUSD,5,BUY,2025.12.11 00:01,1.16961,2025.12.11 13:04,1.17112,3.03,151.0,390.68,tp 1.17111,0.5
EURUSD,5,BUY,2025.10.06 00:00,1.17289,2025.12.11 16:20,1.17439,2.09,150.0,181.19,tp 1.17439,66.7
EURUSD,5,BUY,2025.12.23 00:00,1.17605,2025.12.23 03:56,1.17756,2.94,151.0,377.00,tp 1.17755,0.2
